CRITICAL - 2026-07-20 07:01:17 --> CodeIgniter\View\Exceptions\ViewException: Invalid file: "auth/login.php"
[Method: GET, Route: /]
in SYSTEMPATH\Exceptions\FrameworkException.php on line 39.
 1 SYSTEMPATH\View\View.php(228): CodeIgniter\Exceptions\FrameworkException::forInvalidFile('auth/login.php')
 2 SYSTEMPATH\Common.php(1268): CodeIgniter\View\View->render('auth/login', [], true)
 3 APPPATH\Controllers\Auth.php(12): view('auth/login')
 4 SYSTEMPATH\CodeIgniter.php(974): App\Controllers\Auth->login()
 5 SYSTEMPATH\CodeIgniter.php(520): CodeIgniter\CodeIgniter->runController(Object(App\Controllers\Auth))
 6 SYSTEMPATH\CodeIgniter.php(363): CodeIgniter\CodeIgniter->handleRequest(null, Object(Config\Cache), false)
 7 SYSTEMPATH\Boot.php(417): CodeIgniter\CodeIgniter->run()
 8 SYSTEMPATH\Boot.php(68): CodeIgniter\Boot::runCodeIgniter(Object(CodeIgniter\CodeIgniter))
 9 FCPATH\index.php(59): CodeIgniter\Boot::bootWeb(Object(Config\Paths))
10 SYSTEMPATH\rewrite.php(44): require_once('C:\\xampp\\htdocs\\Tsara\\ITUP2\\4159_4274_S4_Final\\4159-4274\\public\\index.php')
CRITICAL - 2026-07-20 07:02:59 --> CodeIgniter\View\Exceptions\ViewException: Invalid file: "auth/login.php"
[Method: GET, Route: /]
in SYSTEMPATH\Exceptions\FrameworkException.php on line 39.
 1 SYSTEMPATH\View\View.php(228): CodeIgniter\Exceptions\FrameworkException::forInvalidFile('auth/login.php')
 2 SYSTEMPATH\Common.php(1268): CodeIgniter\View\View->render('auth/login', [], true)
 3 APPPATH\Controllers\Auth.php(12): view('auth/login')
 4 SYSTEMPATH\CodeIgniter.php(974): App\Controllers\Auth->login()
 5 SYSTEMPATH\CodeIgniter.php(520): CodeIgniter\CodeIgniter->runController(Object(App\Controllers\Auth))
 6 SYSTEMPATH\CodeIgniter.php(363): CodeIgniter\CodeIgniter->handleRequest(null, Object(Config\Cache), false)
 7 SYSTEMPATH\Boot.php(417): CodeIgniter\CodeIgniter->run()
 8 SYSTEMPATH\Boot.php(68): CodeIgniter\Boot::runCodeIgniter(Object(CodeIgniter\CodeIgniter))
 9 FCPATH\index.php(59): CodeIgniter\Boot::bootWeb(Object(Config\Paths))
10 SYSTEMPATH\rewrite.php(44): require_once('C:\\xampp\\htdocs\\Tsara\\ITUP2\\4159_4274_S4_Final\\4159-4274\\public\\index.php')
CRITICAL - 2026-07-20 07:03:02 --> CodeIgniter\View\Exceptions\ViewException: Invalid file: "auth/login.php"
[Method: GET, Route: /]
in SYSTEMPATH\Exceptions\FrameworkException.php on line 39.
 1 SYSTEMPATH\View\View.php(228): CodeIgniter\Exceptions\FrameworkException::forInvalidFile('auth/login.php')
 2 SYSTEMPATH\Common.php(1268): CodeIgniter\View\View->render('auth/login', [], true)
 3 APPPATH\Controllers\Auth.php(12): view('auth/login')
 4 SYSTEMPATH\CodeIgniter.php(974): App\Controllers\Auth->login()
 5 SYSTEMPATH\CodeIgniter.php(520): CodeIgniter\CodeIgniter->runController(Object(App\Controllers\Auth))
 6 SYSTEMPATH\CodeIgniter.php(363): CodeIgniter\CodeIgniter->handleRequest(null, Object(Config\Cache), false)
 7 SYSTEMPATH\Boot.php(417): CodeIgniter\CodeIgniter->run()
 8 SYSTEMPATH\Boot.php(68): CodeIgniter\Boot::runCodeIgniter(Object(CodeIgniter\CodeIgniter))
 9 FCPATH\index.php(59): CodeIgniter\Boot::bootWeb(Object(Config\Paths))
10 SYSTEMPATH\rewrite.php(44): require_once('C:\\xampp\\htdocs\\Tsara\\ITUP2\\4159_4274_S4_Final\\4159-4274\\public\\index.php')
CRITICAL - 2026-07-20 07:03:05 --> CodeIgniter\View\Exceptions\ViewException: Invalid file: "auth/login.php"
[Method: GET, Route: /]
in SYSTEMPATH\Exceptions\FrameworkException.php on line 39.
 1 SYSTEMPATH\View\View.php(228): CodeIgniter\Exceptions\FrameworkException::forInvalidFile('auth/login.php')
 2 SYSTEMPATH\Common.php(1268): CodeIgniter\View\View->render('auth/login', [], true)
 3 APPPATH\Controllers\Auth.php(12): view('auth/login')
 4 SYSTEMPATH\CodeIgniter.php(974): App\Controllers\Auth->login()
 5 SYSTEMPATH\CodeIgniter.php(520): CodeIgniter\CodeIgniter->runController(Object(App\Controllers\Auth))
 6 SYSTEMPATH\CodeIgniter.php(363): CodeIgniter\CodeIgniter->handleRequest(null, Object(Config\Cache), false)
 7 SYSTEMPATH\Boot.php(417): CodeIgniter\CodeIgniter->run()
 8 SYSTEMPATH\Boot.php(68): CodeIgniter\Boot::runCodeIgniter(Object(CodeIgniter\CodeIgniter))
 9 FCPATH\index.php(59): CodeIgniter\Boot::bootWeb(Object(Config\Paths))
10 SYSTEMPATH\rewrite.php(44): require_once('C:\\xampp\\htdocs\\Tsara\\ITUP2\\4159_4274_S4_Final\\4159-4274\\public\\index.php')
DEBUG - 2026-07-20 07:04:06 --> Session: Class initialized using 'CodeIgniter\Session\Handlers\FileHandler' driver.
CRITICAL - 2026-07-20 07:04:13 --> Error: Class "App\Models\PrefixeModel" not found
[Method: POST, Route: auth/verifier]
in APPPATH\Controllers\Auth.php on line 19.
 1 SYSTEMPATH\CodeIgniter.php(974): App\Controllers\Auth->verifier()
 2 SYSTEMPATH\CodeIgniter.php(520): CodeIgniter\CodeIgniter->runController(Object(App\Controllers\Auth))
 3 SYSTEMPATH\CodeIgniter.php(363): CodeIgniter\CodeIgniter->handleRequest(null, Object(Config\Cache), false)
 4 SYSTEMPATH\Boot.php(417): CodeIgniter\CodeIgniter->run()
 5 SYSTEMPATH\Boot.php(68): CodeIgniter\Boot::runCodeIgniter(Object(CodeIgniter\CodeIgniter))
 6 FCPATH\index.php(59): CodeIgniter\Boot::bootWeb(Object(Config\Paths))
 7 SYSTEMPATH\rewrite.php(44): require_once('C:\\xampp\\htdocs\\Tsara\\ITUP2\\4159_4274_S4_Final\\4159-4274\\public\\index.php')
DEBUG - 2026-07-20 07:05:19 --> Session: Class initialized using 'CodeIgniter\Session\Handlers\FileHandler' driver.
DEBUG - 2026-07-20 07:06:20 --> Session: Class initialized using 'CodeIgniter\Session\Handlers\FileHandler' driver.
CRITICAL - 2026-07-20 07:16:19 --> ErrorException: include(C:\xampp\htdocs\Tsara\ITUP2\4159_4274_S4_Final\4159-4274\vendor\composer/../../app/Controllers/Auth.php): Failed to open stream: No such file or directory
[Method: GET, Route: /]
in VENDORPATH\composer\ClassLoader.php on line 576.
 1 VENDORPATH\composer\ClassLoader.php(576): CodeIgniter\Debug\Exceptions->errorHandler(2, 'include(C:\\xampp\\htdocs\\Tsara\\ITUP2\\4159_4274_S4_Final\\4159-4274\\vendor\\composer/../../app/Controllers/Auth.php): Failed to open stream: No such file or directory', 'C:\\xampp\\htdocs\\Tsara\\ITUP2\\4159_4274_S4_Final\\4159-4274\\vendor\\composer\\ClassLoader.php', 576)
 2 VENDORPATH\composer\ClassLoader.php(576): include()
 3 VENDORPATH\composer\ClassLoader.php(427): Composer\Autoload\{closure}('C:\\xampp\\htdocs\\Tsara\\ITUP2\\4159_4274_S4_Final\\4159-4274\\vendor\\composer/../../app/Controllers/Auth.php')
 4 [internal function]: Composer\Autoload\ClassLoader->loadClass('App\\Controllers\\Auth')
 5 SYSTEMPATH\Router\Router.php(790): class_exists('\\App\\Controllers\\Auth')
 6 SYSTEMPATH\Router\Router.php(228): CodeIgniter\Router\Router->processRouteAttributes()
 7 SYSTEMPATH\CodeIgniter.php(852): CodeIgniter\Router\Router->handle('/')
 8 SYSTEMPATH\CodeIgniter.php(464): CodeIgniter\CodeIgniter->tryToRouteIt(Object(CodeIgniter\Router\RouteCollection))
 9 SYSTEMPATH\CodeIgniter.php(363): CodeIgniter\CodeIgniter->handleRequest(null, Object(Config\Cache), false)
10 SYSTEMPATH\Boot.php(417): CodeIgniter\CodeIgniter->run()
11 SYSTEMPATH\Boot.php(68): CodeIgniter\Boot::runCodeIgniter(Object(CodeIgniter\CodeIgniter))
12 FCPATH\index.php(59): CodeIgniter\Boot::bootWeb(Object(Config\Paths))
13 SYSTEMPATH\rewrite.php(44): require_once('C:\\xampp\\htdocs\\Tsara\\ITUP2\\4159_4274_S4_Final\\4159-4274\\public\\index.php')
CRITICAL - 2026-07-20 07:16:25 --> ErrorException: include(C:\xampp\htdocs\Tsara\ITUP2\4159_4274_S4_Final\4159-4274\vendor\composer/../../app/Controllers/Auth.php): Failed to open stream: No such file or directory
[Method: GET, Route: /]
in VENDORPATH\composer\ClassLoader.php on line 576.
 1 VENDORPATH\composer\ClassLoader.php(576): CodeIgniter\Debug\Exceptions->errorHandler(2, 'include(C:\\xampp\\htdocs\\Tsara\\ITUP2\\4159_4274_S4_Final\\4159-4274\\vendor\\composer/../../app/Controllers/Auth.php): Failed to open stream: No such file or directory', 'C:\\xampp\\htdocs\\Tsara\\ITUP2\\4159_4274_S4_Final\\4159-4274\\vendor\\composer\\ClassLoader.php', 576)
 2 VENDORPATH\composer\ClassLoader.php(576): include()
 3 VENDORPATH\composer\ClassLoader.php(427): Composer\Autoload\{closure}('C:\\xampp\\htdocs\\Tsara\\ITUP2\\4159_4274_S4_Final\\4159-4274\\vendor\\composer/../../app/Controllers/Auth.php')
 4 [internal function]: Composer\Autoload\ClassLoader->loadClass('App\\Controllers\\Auth')
 5 SYSTEMPATH\Router\Router.php(790): class_exists('\\App\\Controllers\\Auth')
 6 SYSTEMPATH\Router\Router.php(228): CodeIgniter\Router\Router->processRouteAttributes()
 7 SYSTEMPATH\CodeIgniter.php(852): CodeIgniter\Router\Router->handle('/')
 8 SYSTEMPATH\CodeIgniter.php(464): CodeIgniter\CodeIgniter->tryToRouteIt(Object(CodeIgniter\Router\RouteCollection))
 9 SYSTEMPATH\CodeIgniter.php(363): CodeIgniter\CodeIgniter->handleRequest(null, Object(Config\Cache), false)
10 SYSTEMPATH\Boot.php(417): CodeIgniter\CodeIgniter->run()
11 SYSTEMPATH\Boot.php(68): CodeIgniter\Boot::runCodeIgniter(Object(CodeIgniter\CodeIgniter))
12 FCPATH\index.php(59): CodeIgniter\Boot::bootWeb(Object(Config\Paths))
13 SYSTEMPATH\rewrite.php(44): require_once('C:\\xampp\\htdocs\\Tsara\\ITUP2\\4159_4274_S4_Final\\4159-4274\\public\\index.php')
CRITICAL - 2026-07-20 07:16:26 --> ErrorException: include(C:\xampp\htdocs\Tsara\ITUP2\4159_4274_S4_Final\4159-4274\vendor\composer/../../app/Controllers/Auth.php): Failed to open stream: No such file or directory
[Method: GET, Route: /]
in VENDORPATH\composer\ClassLoader.php on line 576.
 1 VENDORPATH\composer\ClassLoader.php(576): CodeIgniter\Debug\Exceptions->errorHandler(2, 'include(C:\\xampp\\htdocs\\Tsara\\ITUP2\\4159_4274_S4_Final\\4159-4274\\vendor\\composer/../../app/Controllers/Auth.php): Failed to open stream: No such file or directory', 'C:\\xampp\\htdocs\\Tsara\\ITUP2\\4159_4274_S4_Final\\4159-4274\\vendor\\composer\\ClassLoader.php', 576)
 2 VENDORPATH\composer\ClassLoader.php(576): include()
 3 VENDORPATH\composer\ClassLoader.php(427): Composer\Autoload\{closure}('C:\\xampp\\htdocs\\Tsara\\ITUP2\\4159_4274_S4_Final\\4159-4274\\vendor\\composer/../../app/Controllers/Auth.php')
 4 [internal function]: Composer\Autoload\ClassLoader->loadClass('App\\Controllers\\Auth')
 5 SYSTEMPATH\Router\Router.php(790): class_exists('\\App\\Controllers\\Auth')
 6 SYSTEMPATH\Router\Router.php(228): CodeIgniter\Router\Router->processRouteAttributes()
 7 SYSTEMPATH\CodeIgniter.php(852): CodeIgniter\Router\Router->handle('/')
 8 SYSTEMPATH\CodeIgniter.php(464): CodeIgniter\CodeIgniter->tryToRouteIt(Object(CodeIgniter\Router\RouteCollection))
 9 SYSTEMPATH\CodeIgniter.php(363): CodeIgniter\CodeIgniter->handleRequest(null, Object(Config\Cache), false)
10 SYSTEMPATH\Boot.php(417): CodeIgniter\CodeIgniter->run()
11 SYSTEMPATH\Boot.php(68): CodeIgniter\Boot::runCodeIgniter(Object(CodeIgniter\CodeIgniter))
12 FCPATH\index.php(59): CodeIgniter\Boot::bootWeb(Object(Config\Paths))
13 SYSTEMPATH\rewrite.php(44): require_once('C:\\xampp\\htdocs\\Tsara\\ITUP2\\4159_4274_S4_Final\\4159-4274\\public\\index.php')
CRITICAL - 2026-07-20 07:16:27 --> ErrorException: include(C:\xampp\htdocs\Tsara\ITUP2\4159_4274_S4_Final\4159-4274\vendor\composer/../../app/Controllers/Auth.php): Failed to open stream: No such file or directory
[Method: GET, Route: /]
in VENDORPATH\composer\ClassLoader.php on line 576.
 1 VENDORPATH\composer\ClassLoader.php(576): CodeIgniter\Debug\Exceptions->errorHandler(2, 'include(C:\\xampp\\htdocs\\Tsara\\ITUP2\\4159_4274_S4_Final\\4159-4274\\vendor\\composer/../../app/Controllers/Auth.php): Failed to open stream: No such file or directory', 'C:\\xampp\\htdocs\\Tsara\\ITUP2\\4159_4274_S4_Final\\4159-4274\\vendor\\composer\\ClassLoader.php', 576)
 2 VENDORPATH\composer\ClassLoader.php(576): include()
 3 VENDORPATH\composer\ClassLoader.php(427): Composer\Autoload\{closure}('C:\\xampp\\htdocs\\Tsara\\ITUP2\\4159_4274_S4_Final\\4159-4274\\vendor\\composer/../../app/Controllers/Auth.php')
 4 [internal function]: Composer\Autoload\ClassLoader->loadClass('App\\Controllers\\Auth')
 5 SYSTEMPATH\Router\Router.php(790): class_exists('\\App\\Controllers\\Auth')
 6 SYSTEMPATH\Router\Router.php(228): CodeIgniter\Router\Router->processRouteAttributes()
 7 SYSTEMPATH\CodeIgniter.php(852): CodeIgniter\Router\Router->handle('/')
 8 SYSTEMPATH\CodeIgniter.php(464): CodeIgniter\CodeIgniter->tryToRouteIt(Object(CodeIgniter\Router\RouteCollection))
 9 SYSTEMPATH\CodeIgniter.php(363): CodeIgniter\CodeIgniter->handleRequest(null, Object(Config\Cache), false)
10 SYSTEMPATH\Boot.php(417): CodeIgniter\CodeIgniter->run()
11 SYSTEMPATH\Boot.php(68): CodeIgniter\Boot::runCodeIgniter(Object(CodeIgniter\CodeIgniter))
12 FCPATH\index.php(59): CodeIgniter\Boot::bootWeb(Object(Config\Paths))
13 SYSTEMPATH\rewrite.php(44): require_once('C:\\xampp\\htdocs\\Tsara\\ITUP2\\4159_4274_S4_Final\\4159-4274\\public\\index.php')
CRITICAL - 2026-07-20 07:17:18 --> ErrorException: include(C:\xampp\htdocs\Tsara\ITUP2\4159_4274_S4_Final\4159-4274\vendor\composer/../../app/Controllers/Auth.php): Failed to open stream: No such file or directory
[Method: GET, Route: /]
in VENDORPATH\composer\ClassLoader.php on line 576.
 1 VENDORPATH\composer\ClassLoader.php(576): CodeIgniter\Debug\Exceptions->errorHandler(2, 'include(C:\\xampp\\htdocs\\Tsara\\ITUP2\\4159_4274_S4_Final\\4159-4274\\vendor\\composer/../../app/Controllers/Auth.php): Failed to open stream: No such file or directory', 'C:\\xampp\\htdocs\\Tsara\\ITUP2\\4159_4274_S4_Final\\4159-4274\\vendor\\composer\\ClassLoader.php', 576)
 2 VENDORPATH\composer\ClassLoader.php(576): include()
 3 VENDORPATH\composer\ClassLoader.php(427): Composer\Autoload\{closure}('C:\\xampp\\htdocs\\Tsara\\ITUP2\\4159_4274_S4_Final\\4159-4274\\vendor\\composer/../../app/Controllers/Auth.php')
 4 [internal function]: Composer\Autoload\ClassLoader->loadClass('App\\Controllers\\Auth')
 5 SYSTEMPATH\Router\Router.php(790): class_exists('\\App\\Controllers\\Auth')
 6 SYSTEMPATH\Router\Router.php(228): CodeIgniter\Router\Router->processRouteAttributes()
 7 SYSTEMPATH\CodeIgniter.php(852): CodeIgniter\Router\Router->handle('/')
 8 SYSTEMPATH\CodeIgniter.php(464): CodeIgniter\CodeIgniter->tryToRouteIt(Object(CodeIgniter\Router\RouteCollection))
 9 SYSTEMPATH\CodeIgniter.php(363): CodeIgniter\CodeIgniter->handleRequest(null, Object(Config\Cache), false)
10 SYSTEMPATH\Boot.php(417): CodeIgniter\CodeIgniter->run()
11 SYSTEMPATH\Boot.php(68): CodeIgniter\Boot::runCodeIgniter(Object(CodeIgniter\CodeIgniter))
12 FCPATH\index.php(59): CodeIgniter\Boot::bootWeb(Object(Config\Paths))
13 SYSTEMPATH\rewrite.php(44): require_once('C:\\xampp\\htdocs\\Tsara\\ITUP2\\4159_4274_S4_Final\\4159-4274\\public\\index.php')
CRITICAL - 2026-07-20 07:17:30 --> ErrorException: include(C:\xampp\htdocs\Tsara\ITUP2\4159_4274_S4_Final\4159-4274\vendor\composer/../../app/Controllers/Auth.php): Failed to open stream: No such file or directory
[Method: GET, Route: /]
in VENDORPATH\composer\ClassLoader.php on line 576.
 1 VENDORPATH\composer\ClassLoader.php(576): CodeIgniter\Debug\Exceptions->errorHandler(2, 'include(C:\\xampp\\htdocs\\Tsara\\ITUP2\\4159_4274_S4_Final\\4159-4274\\vendor\\composer/../../app/Controllers/Auth.php): Failed to open stream: No such file or directory', 'C:\\xampp\\htdocs\\Tsara\\ITUP2\\4159_4274_S4_Final\\4159-4274\\vendor\\composer\\ClassLoader.php', 576)
 2 VENDORPATH\composer\ClassLoader.php(576): include()
 3 VENDORPATH\composer\ClassLoader.php(427): Composer\Autoload\{closure}('C:\\xampp\\htdocs\\Tsara\\ITUP2\\4159_4274_S4_Final\\4159-4274\\vendor\\composer/../../app/Controllers/Auth.php')
 4 [internal function]: Composer\Autoload\ClassLoader->loadClass('App\\Controllers\\Auth')
 5 SYSTEMPATH\Router\Router.php(790): class_exists('\\App\\Controllers\\Auth')
 6 SYSTEMPATH\Router\Router.php(228): CodeIgniter\Router\Router->processRouteAttributes()
 7 SYSTEMPATH\CodeIgniter.php(852): CodeIgniter\Router\Router->handle('/')
 8 SYSTEMPATH\CodeIgniter.php(464): CodeIgniter\CodeIgniter->tryToRouteIt(Object(CodeIgniter\Router\RouteCollection))
 9 SYSTEMPATH\CodeIgniter.php(363): CodeIgniter\CodeIgniter->handleRequest(null, Object(Config\Cache), false)
10 SYSTEMPATH\Boot.php(417): CodeIgniter\CodeIgniter->run()
11 SYSTEMPATH\Boot.php(68): CodeIgniter\Boot::runCodeIgniter(Object(CodeIgniter\CodeIgniter))
12 FCPATH\index.php(59): CodeIgniter\Boot::bootWeb(Object(Config\Paths))
13 SYSTEMPATH\rewrite.php(44): require_once('C:\\xampp\\htdocs\\Tsara\\ITUP2\\4159_4274_S4_Final\\4159-4274\\public\\index.php')
CRITICAL - 2026-07-20 07:17:31 --> ErrorException: include(C:\xampp\htdocs\Tsara\ITUP2\4159_4274_S4_Final\4159-4274\vendor\composer/../../app/Controllers/Auth.php): Failed to open stream: No such file or directory
[Method: GET, Route: /]
in VENDORPATH\composer\ClassLoader.php on line 576.
 1 VENDORPATH\composer\ClassLoader.php(576): CodeIgniter\Debug\Exceptions->errorHandler(2, 'include(C:\\xampp\\htdocs\\Tsara\\ITUP2\\4159_4274_S4_Final\\4159-4274\\vendor\\composer/../../app/Controllers/Auth.php): Failed to open stream: No such file or directory', 'C:\\xampp\\htdocs\\Tsara\\ITUP2\\4159_4274_S4_Final\\4159-4274\\vendor\\composer\\ClassLoader.php', 576)
 2 VENDORPATH\composer\ClassLoader.php(576): include()
 3 VENDORPATH\composer\ClassLoader.php(427): Composer\Autoload\{closure}('C:\\xampp\\htdocs\\Tsara\\ITUP2\\4159_4274_S4_Final\\4159-4274\\vendor\\composer/../../app/Controllers/Auth.php')
 4 [internal function]: Composer\Autoload\ClassLoader->loadClass('App\\Controllers\\Auth')
 5 SYSTEMPATH\Router\Router.php(790): class_exists('\\App\\Controllers\\Auth')
 6 SYSTEMPATH\Router\Router.php(228): CodeIgniter\Router\Router->processRouteAttributes()
 7 SYSTEMPATH\CodeIgniter.php(852): CodeIgniter\Router\Router->handle('/')
 8 SYSTEMPATH\CodeIgniter.php(464): CodeIgniter\CodeIgniter->tryToRouteIt(Object(CodeIgniter\Router\RouteCollection))
 9 SYSTEMPATH\CodeIgniter.php(363): CodeIgniter\CodeIgniter->handleRequest(null, Object(Config\Cache), false)
10 SYSTEMPATH\Boot.php(417): CodeIgniter\CodeIgniter->run()
11 SYSTEMPATH\Boot.php(68): CodeIgniter\Boot::runCodeIgniter(Object(CodeIgniter\CodeIgniter))
12 FCPATH\index.php(59): CodeIgniter\Boot::bootWeb(Object(Config\Paths))
13 SYSTEMPATH\rewrite.php(44): require_once('C:\\xampp\\htdocs\\Tsara\\ITUP2\\4159_4274_S4_Final\\4159-4274\\public\\index.php')
CRITICAL - 2026-07-20 07:17:31 --> ErrorException: include(C:\xampp\htdocs\Tsara\ITUP2\4159_4274_S4_Final\4159-4274\vendor\composer/../../app/Controllers/Auth.php): Failed to open stream: No such file or directory
[Method: GET, Route: /]
in VENDORPATH\composer\ClassLoader.php on line 576.
 1 VENDORPATH\composer\ClassLoader.php(576): CodeIgniter\Debug\Exceptions->errorHandler(2, 'include(C:\\xampp\\htdocs\\Tsara\\ITUP2\\4159_4274_S4_Final\\4159-4274\\vendor\\composer/../../app/Controllers/Auth.php): Failed to open stream: No such file or directory', 'C:\\xampp\\htdocs\\Tsara\\ITUP2\\4159_4274_S4_Final\\4159-4274\\vendor\\composer\\ClassLoader.php', 576)
 2 VENDORPATH\composer\ClassLoader.php(576): include()
 3 VENDORPATH\composer\ClassLoader.php(427): Composer\Autoload\{closure}('C:\\xampp\\htdocs\\Tsara\\ITUP2\\4159_4274_S4_Final\\4159-4274\\vendor\\composer/../../app/Controllers/Auth.php')
 4 [internal function]: Composer\Autoload\ClassLoader->loadClass('App\\Controllers\\Auth')
 5 SYSTEMPATH\Router\Router.php(790): class_exists('\\App\\Controllers\\Auth')
 6 SYSTEMPATH\Router\Router.php(228): CodeIgniter\Router\Router->processRouteAttributes()
 7 SYSTEMPATH\CodeIgniter.php(852): CodeIgniter\Router\Router->handle('/')
 8 SYSTEMPATH\CodeIgniter.php(464): CodeIgniter\CodeIgniter->tryToRouteIt(Object(CodeIgniter\Router\RouteCollection))
 9 SYSTEMPATH\CodeIgniter.php(363): CodeIgniter\CodeIgniter->handleRequest(null, Object(Config\Cache), false)
10 SYSTEMPATH\Boot.php(417): CodeIgniter\CodeIgniter->run()
11 SYSTEMPATH\Boot.php(68): CodeIgniter\Boot::runCodeIgniter(Object(CodeIgniter\CodeIgniter))
12 FCPATH\index.php(59): CodeIgniter\Boot::bootWeb(Object(Config\Paths))
13 SYSTEMPATH\rewrite.php(44): require_once('C:\\xampp\\htdocs\\Tsara\\ITUP2\\4159_4274_S4_Final\\4159-4274\\public\\index.php')
CRITICAL - 2026-07-20 07:17:32 --> ErrorException: include(C:\xampp\htdocs\Tsara\ITUP2\4159_4274_S4_Final\4159-4274\vendor\composer/../../app/Controllers/Auth.php): Failed to open stream: No such file or directory
[Method: GET, Route: /]
in VENDORPATH\composer\ClassLoader.php on line 576.
 1 VENDORPATH\composer\ClassLoader.php(576): CodeIgniter\Debug\Exceptions->errorHandler(2, 'include(C:\\xampp\\htdocs\\Tsara\\ITUP2\\4159_4274_S4_Final\\4159-4274\\vendor\\composer/../../app/Controllers/Auth.php): Failed to open stream: No such file or directory', 'C:\\xampp\\htdocs\\Tsara\\ITUP2\\4159_4274_S4_Final\\4159-4274\\vendor\\composer\\ClassLoader.php', 576)
 2 VENDORPATH\composer\ClassLoader.php(576): include()
 3 VENDORPATH\composer\ClassLoader.php(427): Composer\Autoload\{closure}('C:\\xampp\\htdocs\\Tsara\\ITUP2\\4159_4274_S4_Final\\4159-4274\\vendor\\composer/../../app/Controllers/Auth.php')
 4 [internal function]: Composer\Autoload\ClassLoader->loadClass('App\\Controllers\\Auth')
 5 SYSTEMPATH\Router\Router.php(790): class_exists('\\App\\Controllers\\Auth')
 6 SYSTEMPATH\Router\Router.php(228): CodeIgniter\Router\Router->processRouteAttributes()
 7 SYSTEMPATH\CodeIgniter.php(852): CodeIgniter\Router\Router->handle('/')
 8 SYSTEMPATH\CodeIgniter.php(464): CodeIgniter\CodeIgniter->tryToRouteIt(Object(CodeIgniter\Router\RouteCollection))
 9 SYSTEMPATH\CodeIgniter.php(363): CodeIgniter\CodeIgniter->handleRequest(null, Object(Config\Cache), false)
10 SYSTEMPATH\Boot.php(417): CodeIgniter\CodeIgniter->run()
11 SYSTEMPATH\Boot.php(68): CodeIgniter\Boot::runCodeIgniter(Object(CodeIgniter\CodeIgniter))
12 FCPATH\index.php(59): CodeIgniter\Boot::bootWeb(Object(Config\Paths))
13 SYSTEMPATH\rewrite.php(44): require_once('C:\\xampp\\htdocs\\Tsara\\ITUP2\\4159_4274_S4_Final\\4159-4274\\public\\index.php')
CRITICAL - 2026-07-20 07:19:37 --> ErrorException: include(C:\xampp\htdocs\Tsara\ITUP2\4159_4274_S4_Final\4159-4274\vendor\composer/../../app/Controllers/Auth.php): Failed to open stream: No such file or directory
[Method: GET, Route: /]
in VENDORPATH\composer\ClassLoader.php on line 576.
 1 VENDORPATH\composer\ClassLoader.php(576): CodeIgniter\Debug\Exceptions->errorHandler(2, 'include(C:\\xampp\\htdocs\\Tsara\\ITUP2\\4159_4274_S4_Final\\4159-4274\\vendor\\composer/../../app/Controllers/Auth.php): Failed to open stream: No such file or directory', 'C:\\xampp\\htdocs\\Tsara\\ITUP2\\4159_4274_S4_Final\\4159-4274\\vendor\\composer\\ClassLoader.php', 576)
 2 VENDORPATH\composer\ClassLoader.php(576): include()
 3 VENDORPATH\composer\ClassLoader.php(427): Composer\Autoload\{closure}('C:\\xampp\\htdocs\\Tsara\\ITUP2\\4159_4274_S4_Final\\4159-4274\\vendor\\composer/../../app/Controllers/Auth.php')
 4 [internal function]: Composer\Autoload\ClassLoader->loadClass('App\\Controllers\\Auth')
 5 SYSTEMPATH\Router\Router.php(790): class_exists('\\App\\Controllers\\Auth')
 6 SYSTEMPATH\Router\Router.php(228): CodeIgniter\Router\Router->processRouteAttributes()
 7 SYSTEMPATH\CodeIgniter.php(852): CodeIgniter\Router\Router->handle('/')
 8 SYSTEMPATH\CodeIgniter.php(464): CodeIgniter\CodeIgniter->tryToRouteIt(Object(CodeIgniter\Router\RouteCollection))
 9 SYSTEMPATH\CodeIgniter.php(363): CodeIgniter\CodeIgniter->handleRequest(null, Object(Config\Cache), false)
10 SYSTEMPATH\Boot.php(417): CodeIgniter\CodeIgniter->run()
11 SYSTEMPATH\Boot.php(68): CodeIgniter\Boot::runCodeIgniter(Object(CodeIgniter\CodeIgniter))
12 FCPATH\index.php(59): CodeIgniter\Boot::bootWeb(Object(Config\Paths))
13 SYSTEMPATH\rewrite.php(44): require_once('C:\\xampp\\htdocs\\Tsara\\ITUP2\\4159_4274_S4_Final\\4159-4274\\public\\index.php')
CRITICAL - 2026-07-20 07:19:38 --> ErrorException: include(C:\xampp\htdocs\Tsara\ITUP2\4159_4274_S4_Final\4159-4274\vendor\composer/../../app/Controllers/Auth.php): Failed to open stream: No such file or directory
[Method: GET, Route: /]
in VENDORPATH\composer\ClassLoader.php on line 576.
 1 VENDORPATH\composer\ClassLoader.php(576): CodeIgniter\Debug\Exceptions->errorHandler(2, 'include(C:\\xampp\\htdocs\\Tsara\\ITUP2\\4159_4274_S4_Final\\4159-4274\\vendor\\composer/../../app/Controllers/Auth.php): Failed to open stream: No such file or directory', 'C:\\xampp\\htdocs\\Tsara\\ITUP2\\4159_4274_S4_Final\\4159-4274\\vendor\\composer\\ClassLoader.php', 576)
 2 VENDORPATH\composer\ClassLoader.php(576): include()
 3 VENDORPATH\composer\ClassLoader.php(427): Composer\Autoload\{closure}('C:\\xampp\\htdocs\\Tsara\\ITUP2\\4159_4274_S4_Final\\4159-4274\\vendor\\composer/../../app/Controllers/Auth.php')
 4 [internal function]: Composer\Autoload\ClassLoader->loadClass('App\\Controllers\\Auth')
 5 SYSTEMPATH\Router\Router.php(790): class_exists('\\App\\Controllers\\Auth')
 6 SYSTEMPATH\Router\Router.php(228): CodeIgniter\Router\Router->processRouteAttributes()
 7 SYSTEMPATH\CodeIgniter.php(852): CodeIgniter\Router\Router->handle('/')
 8 SYSTEMPATH\CodeIgniter.php(464): CodeIgniter\CodeIgniter->tryToRouteIt(Object(CodeIgniter\Router\RouteCollection))
 9 SYSTEMPATH\CodeIgniter.php(363): CodeIgniter\CodeIgniter->handleRequest(null, Object(Config\Cache), false)
10 SYSTEMPATH\Boot.php(417): CodeIgniter\CodeIgniter->run()
11 SYSTEMPATH\Boot.php(68): CodeIgniter\Boot::runCodeIgniter(Object(CodeIgniter\CodeIgniter))
12 FCPATH\index.php(59): CodeIgniter\Boot::bootWeb(Object(Config\Paths))
13 SYSTEMPATH\rewrite.php(44): require_once('C:\\xampp\\htdocs\\Tsara\\ITUP2\\4159_4274_S4_Final\\4159-4274\\public\\index.php')
CRITICAL - 2026-07-20 07:19:39 --> ErrorException: include(C:\xampp\htdocs\Tsara\ITUP2\4159_4274_S4_Final\4159-4274\vendor\composer/../../app/Controllers/Auth.php): Failed to open stream: No such file or directory
[Method: GET, Route: /]
in VENDORPATH\composer\ClassLoader.php on line 576.
 1 VENDORPATH\composer\ClassLoader.php(576): CodeIgniter\Debug\Exceptions->errorHandler(2, 'include(C:\\xampp\\htdocs\\Tsara\\ITUP2\\4159_4274_S4_Final\\4159-4274\\vendor\\composer/../../app/Controllers/Auth.php): Failed to open stream: No such file or directory', 'C:\\xampp\\htdocs\\Tsara\\ITUP2\\4159_4274_S4_Final\\4159-4274\\vendor\\composer\\ClassLoader.php', 576)
 2 VENDORPATH\composer\ClassLoader.php(576): include()
 3 VENDORPATH\composer\ClassLoader.php(427): Composer\Autoload\{closure}('C:\\xampp\\htdocs\\Tsara\\ITUP2\\4159_4274_S4_Final\\4159-4274\\vendor\\composer/../../app/Controllers/Auth.php')
 4 [internal function]: Composer\Autoload\ClassLoader->loadClass('App\\Controllers\\Auth')
 5 SYSTEMPATH\Router\Router.php(790): class_exists('\\App\\Controllers\\Auth')
 6 SYSTEMPATH\Router\Router.php(228): CodeIgniter\Router\Router->processRouteAttributes()
 7 SYSTEMPATH\CodeIgniter.php(852): CodeIgniter\Router\Router->handle('/')
 8 SYSTEMPATH\CodeIgniter.php(464): CodeIgniter\CodeIgniter->tryToRouteIt(Object(CodeIgniter\Router\RouteCollection))
 9 SYSTEMPATH\CodeIgniter.php(363): CodeIgniter\CodeIgniter->handleRequest(null, Object(Config\Cache), false)
10 SYSTEMPATH\Boot.php(417): CodeIgniter\CodeIgniter->run()
11 SYSTEMPATH\Boot.php(68): CodeIgniter\Boot::runCodeIgniter(Object(CodeIgniter\CodeIgniter))
12 FCPATH\index.php(59): CodeIgniter\Boot::bootWeb(Object(Config\Paths))
13 SYSTEMPATH\rewrite.php(44): require_once('C:\\xampp\\htdocs\\Tsara\\ITUP2\\4159_4274_S4_Final\\4159-4274\\public\\index.php')
CRITICAL - 2026-07-20 07:20:41 --> ErrorException: Cannot declare class App\Controllers\Auth, because the name is already in use
[Method: GET, Route: /]
in APPPATH\Controllers\Clients\Auth.php on line 8.
 1 [internal function]: CodeIgniter\Debug\Exceptions->shutdownHandler()
CRITICAL - 2026-07-20 07:20:42 --> ErrorException: Cannot declare class App\Controllers\Auth, because the name is already in use
[Method: GET, Route: /]
in APPPATH\Controllers\Clients\Auth.php on line 8.
 1 [internal function]: CodeIgniter\Debug\Exceptions->shutdownHandler()
CRITICAL - 2026-07-20 07:20:43 --> ErrorException: Cannot declare class App\Controllers\Auth, because the name is already in use
[Method: GET, Route: /]
in APPPATH\Controllers\Clients\Auth.php on line 8.
 1 [internal function]: CodeIgniter\Debug\Exceptions->shutdownHandler()
CRITICAL - 2026-07-20 07:20:44 --> ErrorException: Cannot declare class App\Controllers\Auth, because the name is already in use
[Method: GET, Route: /]
in APPPATH\Controllers\Clients\Auth.php on line 8.
 1 [internal function]: CodeIgniter\Debug\Exceptions->shutdownHandler()
CRITICAL - 2026-07-20 07:20:45 --> ErrorException: Cannot declare class App\Controllers\Auth, because the name is already in use
[Method: GET, Route: /]
in APPPATH\Controllers\Clients\Auth.php on line 8.
 1 [internal function]: CodeIgniter\Debug\Exceptions->shutdownHandler()
CRITICAL - 2026-07-20 07:21:14 --> Error: Class "App\Controllers\Clients\BaseController" not found
[Method: GET, Route: /]
in APPPATH\Controllers\Clients\Auth.php on line 8.
 1 VENDORPATH\composer\ClassLoader.php(576): include()
 2 VENDORPATH\composer\ClassLoader.php(427): Composer\Autoload\{closure}('C:\\xampp\\htdocs\\Tsara\\ITUP2\\4159_4274_S4_Final\\4159-4274\\vendor\\composer/../../app\\Controllers\\Clients\\Auth.php')
 3 [internal function]: Composer\Autoload\ClassLoader->loadClass('App\\Controllers\\Clients\\Auth')
 4 SYSTEMPATH\Router\Router.php(790): class_exists('\\App\\Controllers\\Clients\\Auth')
 5 SYSTEMPATH\Router\Router.php(228): CodeIgniter\Router\Router->processRouteAttributes()
 6 SYSTEMPATH\CodeIgniter.php(852): CodeIgniter\Router\Router->handle('/')
 7 SYSTEMPATH\CodeIgniter.php(464): CodeIgniter\CodeIgniter->tryToRouteIt(Object(CodeIgniter\Router\RouteCollection))
 8 SYSTEMPATH\CodeIgniter.php(363): CodeIgniter\CodeIgniter->handleRequest(null, Object(Config\Cache), false)
 9 SYSTEMPATH\Boot.php(417): CodeIgniter\CodeIgniter->run()
10 SYSTEMPATH\Boot.php(68): CodeIgniter\Boot::runCodeIgniter(Object(CodeIgniter\CodeIgniter))
11 FCPATH\index.php(59): CodeIgniter\Boot::bootWeb(Object(Config\Paths))
12 SYSTEMPATH\rewrite.php(44): require_once('C:\\xampp\\htdocs\\Tsara\\ITUP2\\4159_4274_S4_Final\\4159-4274\\public\\index.php')
CRITICAL - 2026-07-20 07:21:16 --> Error: Class "App\Controllers\Clients\BaseController" not found
[Method: GET, Route: /]
in APPPATH\Controllers\Clients\Auth.php on line 8.
 1 VENDORPATH\composer\ClassLoader.php(576): include()
 2 VENDORPATH\composer\ClassLoader.php(427): Composer\Autoload\{closure}('C:\\xampp\\htdocs\\Tsara\\ITUP2\\4159_4274_S4_Final\\4159-4274\\vendor\\composer/../../app\\Controllers\\Clients\\Auth.php')
 3 [internal function]: Composer\Autoload\ClassLoader->loadClass('App\\Controllers\\Clients\\Auth')
 4 SYSTEMPATH\Router\Router.php(790): class_exists('\\App\\Controllers\\Clients\\Auth')
 5 SYSTEMPATH\Router\Router.php(228): CodeIgniter\Router\Router->processRouteAttributes()
 6 SYSTEMPATH\CodeIgniter.php(852): CodeIgniter\Router\Router->handle('/')
 7 SYSTEMPATH\CodeIgniter.php(464): CodeIgniter\CodeIgniter->tryToRouteIt(Object(CodeIgniter\Router\RouteCollection))
 8 SYSTEMPATH\CodeIgniter.php(363): CodeIgniter\CodeIgniter->handleRequest(null, Object(Config\Cache), false)
 9 SYSTEMPATH\Boot.php(417): CodeIgniter\CodeIgniter->run()
10 SYSTEMPATH\Boot.php(68): CodeIgniter\Boot::runCodeIgniter(Object(CodeIgniter\CodeIgniter))
11 FCPATH\index.php(59): CodeIgniter\Boot::bootWeb(Object(Config\Paths))
12 SYSTEMPATH\rewrite.php(44): require_once('C:\\xampp\\htdocs\\Tsara\\ITUP2\\4159_4274_S4_Final\\4159-4274\\public\\index.php')
CRITICAL - 2026-07-20 07:21:18 --> Error: Class "App\Controllers\Clients\BaseController" not found
[Method: GET, Route: /]
in APPPATH\Controllers\Clients\Auth.php on line 8.
 1 VENDORPATH\composer\ClassLoader.php(576): include()
 2 VENDORPATH\composer\ClassLoader.php(427): Composer\Autoload\{closure}('C:\\xampp\\htdocs\\Tsara\\ITUP2\\4159_4274_S4_Final\\4159-4274\\vendor\\composer/../../app\\Controllers\\Clients\\Auth.php')
 3 [internal function]: Composer\Autoload\ClassLoader->loadClass('App\\Controllers\\Clients\\Auth')
 4 SYSTEMPATH\Router\Router.php(790): class_exists('\\App\\Controllers\\Clients\\Auth')
 5 SYSTEMPATH\Router\Router.php(228): CodeIgniter\Router\Router->processRouteAttributes()
 6 SYSTEMPATH\CodeIgniter.php(852): CodeIgniter\Router\Router->handle('/')
 7 SYSTEMPATH\CodeIgniter.php(464): CodeIgniter\CodeIgniter->tryToRouteIt(Object(CodeIgniter\Router\RouteCollection))
 8 SYSTEMPATH\CodeIgniter.php(363): CodeIgniter\CodeIgniter->handleRequest(null, Object(Config\Cache), false)
 9 SYSTEMPATH\Boot.php(417): CodeIgniter\CodeIgniter->run()
10 SYSTEMPATH\Boot.php(68): CodeIgniter\Boot::runCodeIgniter(Object(CodeIgniter\CodeIgniter))
11 FCPATH\index.php(59): CodeIgniter\Boot::bootWeb(Object(Config\Paths))
12 SYSTEMPATH\rewrite.php(44): require_once('C:\\xampp\\htdocs\\Tsara\\ITUP2\\4159_4274_S4_Final\\4159-4274\\public\\index.php')
CRITICAL - 2026-07-20 07:21:19 --> Error: Class "App\Controllers\Clients\BaseController" not found
[Method: GET, Route: /]
in APPPATH\Controllers\Clients\Auth.php on line 8.
 1 VENDORPATH\composer\ClassLoader.php(576): include()
 2 VENDORPATH\composer\ClassLoader.php(427): Composer\Autoload\{closure}('C:\\xampp\\htdocs\\Tsara\\ITUP2\\4159_4274_S4_Final\\4159-4274\\vendor\\composer/../../app\\Controllers\\Clients\\Auth.php')
 3 [internal function]: Composer\Autoload\ClassLoader->loadClass('App\\Controllers\\Clients\\Auth')
 4 SYSTEMPATH\Router\Router.php(790): class_exists('\\App\\Controllers\\Clients\\Auth')
 5 SYSTEMPATH\Router\Router.php(228): CodeIgniter\Router\Router->processRouteAttributes()
 6 SYSTEMPATH\CodeIgniter.php(852): CodeIgniter\Router\Router->handle('/')
 7 SYSTEMPATH\CodeIgniter.php(464): CodeIgniter\CodeIgniter->tryToRouteIt(Object(CodeIgniter\Router\RouteCollection))
 8 SYSTEMPATH\CodeIgniter.php(363): CodeIgniter\CodeIgniter->handleRequest(null, Object(Config\Cache), false)
 9 SYSTEMPATH\Boot.php(417): CodeIgniter\CodeIgniter->run()
10 SYSTEMPATH\Boot.php(68): CodeIgniter\Boot::runCodeIgniter(Object(CodeIgniter\CodeIgniter))
11 FCPATH\index.php(59): CodeIgniter\Boot::bootWeb(Object(Config\Paths))
12 SYSTEMPATH\rewrite.php(44): require_once('C:\\xampp\\htdocs\\Tsara\\ITUP2\\4159_4274_S4_Final\\4159-4274\\public\\index.php')
CRITICAL - 2026-07-20 07:21:44 --> Error: Class "App\Controllers\Clients\BaseController" not found
[Method: GET, Route: /]
in APPPATH\Controllers\Clients\Auth.php on line 8.
 1 VENDORPATH\composer\ClassLoader.php(576): include()
 2 VENDORPATH\composer\ClassLoader.php(427): Composer\Autoload\{closure}('C:\\xampp\\htdocs\\Tsara\\ITUP2\\4159_4274_S4_Final\\4159-4274\\vendor\\composer/../../app\\Controllers\\Clients\\Auth.php')
 3 [internal function]: Composer\Autoload\ClassLoader->loadClass('App\\Controllers\\Clients\\Auth')
 4 SYSTEMPATH\Router\Router.php(790): class_exists('\\App\\Controllers\\Clients\\Auth')
 5 SYSTEMPATH\Router\Router.php(228): CodeIgniter\Router\Router->processRouteAttributes()
 6 SYSTEMPATH\CodeIgniter.php(852): CodeIgniter\Router\Router->handle('/')
 7 SYSTEMPATH\CodeIgniter.php(464): CodeIgniter\CodeIgniter->tryToRouteIt(Object(CodeIgniter\Router\RouteCollection))
 8 SYSTEMPATH\CodeIgniter.php(363): CodeIgniter\CodeIgniter->handleRequest(null, Object(Config\Cache), false)
 9 SYSTEMPATH\Boot.php(417): CodeIgniter\CodeIgniter->run()
10 SYSTEMPATH\Boot.php(68): CodeIgniter\Boot::runCodeIgniter(Object(CodeIgniter\CodeIgniter))
11 FCPATH\index.php(59): CodeIgniter\Boot::bootWeb(Object(Config\Paths))
12 SYSTEMPATH\rewrite.php(44): require_once('C:\\xampp\\htdocs\\Tsara\\ITUP2\\4159_4274_S4_Final\\4159-4274\\public\\index.php')
CRITICAL - 2026-07-20 07:21:45 --> Error: Class "App\Controllers\Clients\BaseController" not found
[Method: GET, Route: /]
in APPPATH\Controllers\Clients\Auth.php on line 8.
 1 VENDORPATH\composer\ClassLoader.php(576): include()
 2 VENDORPATH\composer\ClassLoader.php(427): Composer\Autoload\{closure}('C:\\xampp\\htdocs\\Tsara\\ITUP2\\4159_4274_S4_Final\\4159-4274\\vendor\\composer/../../app\\Controllers\\Clients\\Auth.php')
 3 [internal function]: Composer\Autoload\ClassLoader->loadClass('App\\Controllers\\Clients\\Auth')
 4 SYSTEMPATH\Router\Router.php(790): class_exists('\\App\\Controllers\\Clients\\Auth')
 5 SYSTEMPATH\Router\Router.php(228): CodeIgniter\Router\Router->processRouteAttributes()
 6 SYSTEMPATH\CodeIgniter.php(852): CodeIgniter\Router\Router->handle('/')
 7 SYSTEMPATH\CodeIgniter.php(464): CodeIgniter\CodeIgniter->tryToRouteIt(Object(CodeIgniter\Router\RouteCollection))
 8 SYSTEMPATH\CodeIgniter.php(363): CodeIgniter\CodeIgniter->handleRequest(null, Object(Config\Cache), false)
 9 SYSTEMPATH\Boot.php(417): CodeIgniter\CodeIgniter->run()
10 SYSTEMPATH\Boot.php(68): CodeIgniter\Boot::runCodeIgniter(Object(CodeIgniter\CodeIgniter))
11 FCPATH\index.php(59): CodeIgniter\Boot::bootWeb(Object(Config\Paths))
12 SYSTEMPATH\rewrite.php(44): require_once('C:\\xampp\\htdocs\\Tsara\\ITUP2\\4159_4274_S4_Final\\4159-4274\\public\\index.php')
CRITICAL - 2026-07-20 07:21:45 --> Error: Class "App\Controllers\Clients\BaseController" not found
[Method: GET, Route: /]
in APPPATH\Controllers\Clients\Auth.php on line 8.
 1 VENDORPATH\composer\ClassLoader.php(576): include()
 2 VENDORPATH\composer\ClassLoader.php(427): Composer\Autoload\{closure}('C:\\xampp\\htdocs\\Tsara\\ITUP2\\4159_4274_S4_Final\\4159-4274\\vendor\\composer/../../app\\Controllers\\Clients\\Auth.php')
 3 [internal function]: Composer\Autoload\ClassLoader->loadClass('App\\Controllers\\Clients\\Auth')
 4 SYSTEMPATH\Router\Router.php(790): class_exists('\\App\\Controllers\\Clients\\Auth')
 5 SYSTEMPATH\Router\Router.php(228): CodeIgniter\Router\Router->processRouteAttributes()
 6 SYSTEMPATH\CodeIgniter.php(852): CodeIgniter\Router\Router->handle('/')
 7 SYSTEMPATH\CodeIgniter.php(464): CodeIgniter\CodeIgniter->tryToRouteIt(Object(CodeIgniter\Router\RouteCollection))
 8 SYSTEMPATH\CodeIgniter.php(363): CodeIgniter\CodeIgniter->handleRequest(null, Object(Config\Cache), false)
 9 SYSTEMPATH\Boot.php(417): CodeIgniter\CodeIgniter->run()
10 SYSTEMPATH\Boot.php(68): CodeIgniter\Boot::runCodeIgniter(Object(CodeIgniter\CodeIgniter))
11 FCPATH\index.php(59): CodeIgniter\Boot::bootWeb(Object(Config\Paths))
12 SYSTEMPATH\rewrite.php(44): require_once('C:\\xampp\\htdocs\\Tsara\\ITUP2\\4159_4274_S4_Final\\4159-4274\\public\\index.php')
CRITICAL - 2026-07-20 07:21:46 --> Error: Class "App\Controllers\Clients\BaseController" not found
[Method: GET, Route: /]
in APPPATH\Controllers\Clients\Auth.php on line 8.
 1 VENDORPATH\composer\ClassLoader.php(576): include()
 2 VENDORPATH\composer\ClassLoader.php(427): Composer\Autoload\{closure}('C:\\xampp\\htdocs\\Tsara\\ITUP2\\4159_4274_S4_Final\\4159-4274\\vendor\\composer/../../app\\Controllers\\Clients\\Auth.php')
 3 [internal function]: Composer\Autoload\ClassLoader->loadClass('App\\Controllers\\Clients\\Auth')
 4 SYSTEMPATH\Router\Router.php(790): class_exists('\\App\\Controllers\\Clients\\Auth')
 5 SYSTEMPATH\Router\Router.php(228): CodeIgniter\Router\Router->processRouteAttributes()
 6 SYSTEMPATH\CodeIgniter.php(852): CodeIgniter\Router\Router->handle('/')
 7 SYSTEMPATH\CodeIgniter.php(464): CodeIgniter\CodeIgniter->tryToRouteIt(Object(CodeIgniter\Router\RouteCollection))
 8 SYSTEMPATH\CodeIgniter.php(363): CodeIgniter\CodeIgniter->handleRequest(null, Object(Config\Cache), false)
 9 SYSTEMPATH\Boot.php(417): CodeIgniter\CodeIgniter->run()
10 SYSTEMPATH\Boot.php(68): CodeIgniter\Boot::runCodeIgniter(Object(CodeIgniter\CodeIgniter))
11 FCPATH\index.php(59): CodeIgniter\Boot::bootWeb(Object(Config\Paths))
12 SYSTEMPATH\rewrite.php(44): require_once('C:\\xampp\\htdocs\\Tsara\\ITUP2\\4159_4274_S4_Final\\4159-4274\\public\\index.php')
CRITICAL - 2026-07-20 07:21:47 --> Error: Class "App\Controllers\Clients\BaseController" not found
[Method: GET, Route: /]
in APPPATH\Controllers\Clients\Auth.php on line 8.
 1 VENDORPATH\composer\ClassLoader.php(576): include()
 2 VENDORPATH\composer\ClassLoader.php(427): Composer\Autoload\{closure}('C:\\xampp\\htdocs\\Tsara\\ITUP2\\4159_4274_S4_Final\\4159-4274\\vendor\\composer/../../app\\Controllers\\Clients\\Auth.php')
 3 [internal function]: Composer\Autoload\ClassLoader->loadClass('App\\Controllers\\Clients\\Auth')
 4 SYSTEMPATH\Router\Router.php(790): class_exists('\\App\\Controllers\\Clients\\Auth')
 5 SYSTEMPATH\Router\Router.php(228): CodeIgniter\Router\Router->processRouteAttributes()
 6 SYSTEMPATH\CodeIgniter.php(852): CodeIgniter\Router\Router->handle('/')
 7 SYSTEMPATH\CodeIgniter.php(464): CodeIgniter\CodeIgniter->tryToRouteIt(Object(CodeIgniter\Router\RouteCollection))
 8 SYSTEMPATH\CodeIgniter.php(363): CodeIgniter\CodeIgniter->handleRequest(null, Object(Config\Cache), false)
 9 SYSTEMPATH\Boot.php(417): CodeIgniter\CodeIgniter->run()
10 SYSTEMPATH\Boot.php(68): CodeIgniter\Boot::runCodeIgniter(Object(CodeIgniter\CodeIgniter))
11 FCPATH\index.php(59): CodeIgniter\Boot::bootWeb(Object(Config\Paths))
12 SYSTEMPATH\rewrite.php(44): require_once('C:\\xampp\\htdocs\\Tsara\\ITUP2\\4159_4274_S4_Final\\4159-4274\\public\\index.php')
CRITICAL - 2026-07-20 07:21:48 --> Error: Class "App\Controllers\Clients\BaseController" not found
[Method: GET, Route: /]
in APPPATH\Controllers\Clients\Auth.php on line 8.
 1 VENDORPATH\composer\ClassLoader.php(576): include()
 2 VENDORPATH\composer\ClassLoader.php(427): Composer\Autoload\{closure}('C:\\xampp\\htdocs\\Tsara\\ITUP2\\4159_4274_S4_Final\\4159-4274\\vendor\\composer/../../app\\Controllers\\Clients\\Auth.php')
 3 [internal function]: Composer\Autoload\ClassLoader->loadClass('App\\Controllers\\Clients\\Auth')
 4 SYSTEMPATH\Router\Router.php(790): class_exists('\\App\\Controllers\\Clients\\Auth')
 5 SYSTEMPATH\Router\Router.php(228): CodeIgniter\Router\Router->processRouteAttributes()
 6 SYSTEMPATH\CodeIgniter.php(852): CodeIgniter\Router\Router->handle('/')
 7 SYSTEMPATH\CodeIgniter.php(464): CodeIgniter\CodeIgniter->tryToRouteIt(Object(CodeIgniter\Router\RouteCollection))
 8 SYSTEMPATH\CodeIgniter.php(363): CodeIgniter\CodeIgniter->handleRequest(null, Object(Config\Cache), false)
 9 SYSTEMPATH\Boot.php(417): CodeIgniter\CodeIgniter->run()
10 SYSTEMPATH\Boot.php(68): CodeIgniter\Boot::runCodeIgniter(Object(CodeIgniter\CodeIgniter))
11 FCPATH\index.php(59): CodeIgniter\Boot::bootWeb(Object(Config\Paths))
12 SYSTEMPATH\rewrite.php(44): require_once('C:\\xampp\\htdocs\\Tsara\\ITUP2\\4159_4274_S4_Final\\4159-4274\\public\\index.php')
CRITICAL - 2026-07-20 07:21:49 --> Error: Class "App\Controllers\Clients\BaseController" not found
[Method: GET, Route: /]
in APPPATH\Controllers\Clients\Auth.php on line 8.
 1 VENDORPATH\composer\ClassLoader.php(576): include()
 2 VENDORPATH\composer\ClassLoader.php(427): Composer\Autoload\{closure}('C:\\xampp\\htdocs\\Tsara\\ITUP2\\4159_4274_S4_Final\\4159-4274\\vendor\\composer/../../app\\Controllers\\Clients\\Auth.php')
 3 [internal function]: Composer\Autoload\ClassLoader->loadClass('App\\Controllers\\Clients\\Auth')
 4 SYSTEMPATH\Router\Router.php(790): class_exists('\\App\\Controllers\\Clients\\Auth')
 5 SYSTEMPATH\Router\Router.php(228): CodeIgniter\Router\Router->processRouteAttributes()
 6 SYSTEMPATH\CodeIgniter.php(852): CodeIgniter\Router\Router->handle('/')
 7 SYSTEMPATH\CodeIgniter.php(464): CodeIgniter\CodeIgniter->tryToRouteIt(Object(CodeIgniter\Router\RouteCollection))
 8 SYSTEMPATH\CodeIgniter.php(363): CodeIgniter\CodeIgniter->handleRequest(null, Object(Config\Cache), false)
 9 SYSTEMPATH\Boot.php(417): CodeIgniter\CodeIgniter->run()
10 SYSTEMPATH\Boot.php(68): CodeIgniter\Boot::runCodeIgniter(Object(CodeIgniter\CodeIgniter))
11 FCPATH\index.php(59): CodeIgniter\Boot::bootWeb(Object(Config\Paths))
12 SYSTEMPATH\rewrite.php(44): require_once('C:\\xampp\\htdocs\\Tsara\\ITUP2\\4159_4274_S4_Final\\4159-4274\\public\\index.php')
CRITICAL - 2026-07-20 07:22:12 --> Error: Class "App\Controllers\Clients\BaseController" not found
[Method: GET, Route: /]
in APPPATH\Controllers\Clients\Auth.php on line 8.
 1 VENDORPATH\composer\ClassLoader.php(576): include()
 2 VENDORPATH\composer\ClassLoader.php(427): Composer\Autoload\{closure}('C:\\xampp\\htdocs\\Tsara\\ITUP2\\4159_4274_S4_Final\\4159-4274\\vendor\\composer/../../app\\Controllers\\Clients\\Auth.php')
 3 [internal function]: Composer\Autoload\ClassLoader->loadClass('App\\Controllers\\Clients\\Auth')
 4 SYSTEMPATH\Router\Router.php(790): class_exists('\\App\\Controllers\\Clients\\Auth')
 5 SYSTEMPATH\Router\Router.php(228): CodeIgniter\Router\Router->processRouteAttributes()
 6 SYSTEMPATH\CodeIgniter.php(852): CodeIgniter\Router\Router->handle('/')
 7 SYSTEMPATH\CodeIgniter.php(464): CodeIgniter\CodeIgniter->tryToRouteIt(Object(CodeIgniter\Router\RouteCollection))
 8 SYSTEMPATH\CodeIgniter.php(363): CodeIgniter\CodeIgniter->handleRequest(null, Object(Config\Cache), false)
 9 SYSTEMPATH\Boot.php(417): CodeIgniter\CodeIgniter->run()
10 SYSTEMPATH\Boot.php(68): CodeIgniter\Boot::runCodeIgniter(Object(CodeIgniter\CodeIgniter))
11 FCPATH\index.php(59): CodeIgniter\Boot::bootWeb(Object(Config\Paths))
12 SYSTEMPATH\rewrite.php(44): require_once('C:\\xampp\\htdocs\\Tsara\\ITUP2\\4159_4274_S4_Final\\4159-4274\\public\\index.php')
CRITICAL - 2026-07-20 07:22:13 --> Error: Class "App\Controllers\Clients\BaseController" not found
[Method: GET, Route: /]
in APPPATH\Controllers\Clients\Auth.php on line 8.
 1 VENDORPATH\composer\ClassLoader.php(576): include()
 2 VENDORPATH\composer\ClassLoader.php(427): Composer\Autoload\{closure}('C:\\xampp\\htdocs\\Tsara\\ITUP2\\4159_4274_S4_Final\\4159-4274\\vendor\\composer/../../app\\Controllers\\Clients\\Auth.php')
 3 [internal function]: Composer\Autoload\ClassLoader->loadClass('App\\Controllers\\Clients\\Auth')
 4 SYSTEMPATH\Router\Router.php(790): class_exists('\\App\\Controllers\\Clients\\Auth')
 5 SYSTEMPATH\Router\Router.php(228): CodeIgniter\Router\Router->processRouteAttributes()
 6 SYSTEMPATH\CodeIgniter.php(852): CodeIgniter\Router\Router->handle('/')
 7 SYSTEMPATH\CodeIgniter.php(464): CodeIgniter\CodeIgniter->tryToRouteIt(Object(CodeIgniter\Router\RouteCollection))
 8 SYSTEMPATH\CodeIgniter.php(363): CodeIgniter\CodeIgniter->handleRequest(null, Object(Config\Cache), false)
 9 SYSTEMPATH\Boot.php(417): CodeIgniter\CodeIgniter->run()
10 SYSTEMPATH\Boot.php(68): CodeIgniter\Boot::runCodeIgniter(Object(CodeIgniter\CodeIgniter))
11 FCPATH\index.php(59): CodeIgniter\Boot::bootWeb(Object(Config\Paths))
12 SYSTEMPATH\rewrite.php(44): require_once('C:\\xampp\\htdocs\\Tsara\\ITUP2\\4159_4274_S4_Final\\4159-4274\\public\\index.php')
CRITICAL - 2026-07-20 07:22:13 --> Error: Class "App\Controllers\Clients\BaseController" not found
[Method: GET, Route: /]
in APPPATH\Controllers\Clients\Auth.php on line 8.
 1 VENDORPATH\composer\ClassLoader.php(576): include()
 2 VENDORPATH\composer\ClassLoader.php(427): Composer\Autoload\{closure}('C:\\xampp\\htdocs\\Tsara\\ITUP2\\4159_4274_S4_Final\\4159-4274\\vendor\\composer/../../app\\Controllers\\Clients\\Auth.php')
 3 [internal function]: Composer\Autoload\ClassLoader->loadClass('App\\Controllers\\Clients\\Auth')
 4 SYSTEMPATH\Router\Router.php(790): class_exists('\\App\\Controllers\\Clients\\Auth')
 5 SYSTEMPATH\Router\Router.php(228): CodeIgniter\Router\Router->processRouteAttributes()
 6 SYSTEMPATH\CodeIgniter.php(852): CodeIgniter\Router\Router->handle('/')
 7 SYSTEMPATH\CodeIgniter.php(464): CodeIgniter\CodeIgniter->tryToRouteIt(Object(CodeIgniter\Router\RouteCollection))
 8 SYSTEMPATH\CodeIgniter.php(363): CodeIgniter\CodeIgniter->handleRequest(null, Object(Config\Cache), false)
 9 SYSTEMPATH\Boot.php(417): CodeIgniter\CodeIgniter->run()
10 SYSTEMPATH\Boot.php(68): CodeIgniter\Boot::runCodeIgniter(Object(CodeIgniter\CodeIgniter))
11 FCPATH\index.php(59): CodeIgniter\Boot::bootWeb(Object(Config\Paths))
12 SYSTEMPATH\rewrite.php(44): require_once('C:\\xampp\\htdocs\\Tsara\\ITUP2\\4159_4274_S4_Final\\4159-4274\\public\\index.php')
CRITICAL - 2026-07-20 07:22:13 --> Error: Class "App\Controllers\Clients\BaseController" not found
[Method: GET, Route: /]
in APPPATH\Controllers\Clients\Auth.php on line 8.
 1 VENDORPATH\composer\ClassLoader.php(576): include()
 2 VENDORPATH\composer\ClassLoader.php(427): Composer\Autoload\{closure}('C:\\xampp\\htdocs\\Tsara\\ITUP2\\4159_4274_S4_Final\\4159-4274\\vendor\\composer/../../app\\Controllers\\Clients\\Auth.php')
 3 [internal function]: Composer\Autoload\ClassLoader->loadClass('App\\Controllers\\Clients\\Auth')
 4 SYSTEMPATH\Router\Router.php(790): class_exists('\\App\\Controllers\\Clients\\Auth')
 5 SYSTEMPATH\Router\Router.php(228): CodeIgniter\Router\Router->processRouteAttributes()
 6 SYSTEMPATH\CodeIgniter.php(852): CodeIgniter\Router\Router->handle('/')
 7 SYSTEMPATH\CodeIgniter.php(464): CodeIgniter\CodeIgniter->tryToRouteIt(Object(CodeIgniter\Router\RouteCollection))
 8 SYSTEMPATH\CodeIgniter.php(363): CodeIgniter\CodeIgniter->handleRequest(null, Object(Config\Cache), false)
 9 SYSTEMPATH\Boot.php(417): CodeIgniter\CodeIgniter->run()
10 SYSTEMPATH\Boot.php(68): CodeIgniter\Boot::runCodeIgniter(Object(CodeIgniter\CodeIgniter))
11 FCPATH\index.php(59): CodeIgniter\Boot::bootWeb(Object(Config\Paths))
12 SYSTEMPATH\rewrite.php(44): require_once('C:\\xampp\\htdocs\\Tsara\\ITUP2\\4159_4274_S4_Final\\4159-4274\\public\\index.php')
CRITICAL - 2026-07-20 07:22:13 --> Error: Class "App\Controllers\Clients\BaseController" not found
[Method: GET, Route: /]
in APPPATH\Controllers\Clients\Auth.php on line 8.
 1 VENDORPATH\composer\ClassLoader.php(576): include()
 2 VENDORPATH\composer\ClassLoader.php(427): Composer\Autoload\{closure}('C:\\xampp\\htdocs\\Tsara\\ITUP2\\4159_4274_S4_Final\\4159-4274\\vendor\\composer/../../app\\Controllers\\Clients\\Auth.php')
 3 [internal function]: Composer\Autoload\ClassLoader->loadClass('App\\Controllers\\Clients\\Auth')
 4 SYSTEMPATH\Router\Router.php(790): class_exists('\\App\\Controllers\\Clients\\Auth')
 5 SYSTEMPATH\Router\Router.php(228): CodeIgniter\Router\Router->processRouteAttributes()
 6 SYSTEMPATH\CodeIgniter.php(852): CodeIgniter\Router\Router->handle('/')
 7 SYSTEMPATH\CodeIgniter.php(464): CodeIgniter\CodeIgniter->tryToRouteIt(Object(CodeIgniter\Router\RouteCollection))
 8 SYSTEMPATH\CodeIgniter.php(363): CodeIgniter\CodeIgniter->handleRequest(null, Object(Config\Cache), false)
 9 SYSTEMPATH\Boot.php(417): CodeIgniter\CodeIgniter->run()
10 SYSTEMPATH\Boot.php(68): CodeIgniter\Boot::runCodeIgniter(Object(CodeIgniter\CodeIgniter))
11 FCPATH\index.php(59): CodeIgniter\Boot::bootWeb(Object(Config\Paths))
12 SYSTEMPATH\rewrite.php(44): require_once('C:\\xampp\\htdocs\\Tsara\\ITUP2\\4159_4274_S4_Final\\4159-4274\\public\\index.php')
CRITICAL - 2026-07-20 07:22:13 --> Error: Class "App\Controllers\Clients\BaseController" not found
[Method: GET, Route: /]
in APPPATH\Controllers\Clients\Auth.php on line 8.
 1 VENDORPATH\composer\ClassLoader.php(576): include()
 2 VENDORPATH\composer\ClassLoader.php(427): Composer\Autoload\{closure}('C:\\xampp\\htdocs\\Tsara\\ITUP2\\4159_4274_S4_Final\\4159-4274\\vendor\\composer/../../app\\Controllers\\Clients\\Auth.php')
 3 [internal function]: Composer\Autoload\ClassLoader->loadClass('App\\Controllers\\Clients\\Auth')
 4 SYSTEMPATH\Router\Router.php(790): class_exists('\\App\\Controllers\\Clients\\Auth')
 5 SYSTEMPATH\Router\Router.php(228): CodeIgniter\Router\Router->processRouteAttributes()
 6 SYSTEMPATH\CodeIgniter.php(852): CodeIgniter\Router\Router->handle('/')
 7 SYSTEMPATH\CodeIgniter.php(464): CodeIgniter\CodeIgniter->tryToRouteIt(Object(CodeIgniter\Router\RouteCollection))
 8 SYSTEMPATH\CodeIgniter.php(363): CodeIgniter\CodeIgniter->handleRequest(null, Object(Config\Cache), false)
 9 SYSTEMPATH\Boot.php(417): CodeIgniter\CodeIgniter->run()
10 SYSTEMPATH\Boot.php(68): CodeIgniter\Boot::runCodeIgniter(Object(CodeIgniter\CodeIgniter))
11 FCPATH\index.php(59): CodeIgniter\Boot::bootWeb(Object(Config\Paths))
12 SYSTEMPATH\rewrite.php(44): require_once('C:\\xampp\\htdocs\\Tsara\\ITUP2\\4159_4274_S4_Final\\4159-4274\\public\\index.php')
CRITICAL - 2026-07-20 07:22:14 --> Error: Class "App\Controllers\Clients\BaseController" not found
[Method: GET, Route: /]
in APPPATH\Controllers\Clients\Auth.php on line 8.
 1 VENDORPATH\composer\ClassLoader.php(576): include()
 2 VENDORPATH\composer\ClassLoader.php(427): Composer\Autoload\{closure}('C:\\xampp\\htdocs\\Tsara\\ITUP2\\4159_4274_S4_Final\\4159-4274\\vendor\\composer/../../app\\Controllers\\Clients\\Auth.php')
 3 [internal function]: Composer\Autoload\ClassLoader->loadClass('App\\Controllers\\Clients\\Auth')
 4 SYSTEMPATH\Router\Router.php(790): class_exists('\\App\\Controllers\\Clients\\Auth')
 5 SYSTEMPATH\Router\Router.php(228): CodeIgniter\Router\Router->processRouteAttributes()
 6 SYSTEMPATH\CodeIgniter.php(852): CodeIgniter\Router\Router->handle('/')
 7 SYSTEMPATH\CodeIgniter.php(464): CodeIgniter\CodeIgniter->tryToRouteIt(Object(CodeIgniter\Router\RouteCollection))
 8 SYSTEMPATH\CodeIgniter.php(363): CodeIgniter\CodeIgniter->handleRequest(null, Object(Config\Cache), false)
 9 SYSTEMPATH\Boot.php(417): CodeIgniter\CodeIgniter->run()
10 SYSTEMPATH\Boot.php(68): CodeIgniter\Boot::runCodeIgniter(Object(CodeIgniter\CodeIgniter))
11 FCPATH\index.php(59): CodeIgniter\Boot::bootWeb(Object(Config\Paths))
12 SYSTEMPATH\rewrite.php(44): require_once('C:\\xampp\\htdocs\\Tsara\\ITUP2\\4159_4274_S4_Final\\4159-4274\\public\\index.php')
CRITICAL - 2026-07-20 07:24:03 --> ErrorException: Cannot declare class Auth, because the name is already in use
[Method: GET, Route: /]
in APPPATH\Controllers\Clients\Auth.php on line 8.
 1 [internal function]: CodeIgniter\Debug\Exceptions->shutdownHandler()
CRITICAL - 2026-07-20 07:24:04 --> ErrorException: Cannot declare class Auth, because the name is already in use
[Method: GET, Route: /]
in APPPATH\Controllers\Clients\Auth.php on line 8.
 1 [internal function]: CodeIgniter\Debug\Exceptions->shutdownHandler()
CRITICAL - 2026-07-20 07:24:05 --> ErrorException: Cannot declare class Auth, because the name is already in use
[Method: GET, Route: /]
in APPPATH\Controllers\Clients\Auth.php on line 8.
 1 [internal function]: CodeIgniter\Debug\Exceptions->shutdownHandler()
CRITICAL - 2026-07-20 07:24:05 --> ErrorException: Cannot declare class Auth, because the name is already in use
[Method: GET, Route: /]
in APPPATH\Controllers\Clients\Auth.php on line 8.
 1 [internal function]: CodeIgniter\Debug\Exceptions->shutdownHandler()
DEBUG - 2026-07-20 07:24:42 --> Session: Class initialized using 'CodeIgniter\Session\Handlers\FileHandler' driver.
CRITICAL - 2026-07-20 07:24:52 --> Error: Class "App\Models\PrefixeModel" not found
[Method: POST, Route: auth/verifier]
in APPPATH\Controllers\Clients\Auth.php on line 20.
 1 SYSTEMPATH\CodeIgniter.php(974): App\Controllers\Clients\Auth->verifier()
 2 SYSTEMPATH\CodeIgniter.php(520): CodeIgniter\CodeIgniter->runController(Object(App\Controllers\Clients\Auth))
 3 SYSTEMPATH\CodeIgniter.php(363): CodeIgniter\CodeIgniter->handleRequest(null, Object(Config\Cache), false)
 4 SYSTEMPATH\Boot.php(417): CodeIgniter\CodeIgniter->run()
 5 SYSTEMPATH\Boot.php(68): CodeIgniter\Boot::runCodeIgniter(Object(CodeIgniter\CodeIgniter))
 6 FCPATH\index.php(59): CodeIgniter\Boot::bootWeb(Object(Config\Paths))
 7 SYSTEMPATH\rewrite.php(44): require_once('C:\\xampp\\htdocs\\Tsara\\ITUP2\\4159_4274_S4_Final\\4159-4274\\public\\index.php')
DEBUG - 2026-07-20 07:27:40 --> Session: Class initialized using 'CodeIgniter\Session\Handlers\FileHandler' driver.
ERROR - 2026-07-20 07:27:44 --> Error connecting to the database: Exception: Unable to open database: unable to open database file in C:\xampp\htdocs\Tsara\ITUP2\4159_4274_S4_Final\4159-4274\vendor\codeigniter4\framework\system\Database\SQLite3\Connection.php:111
Stack trace:
#0 C:\xampp\htdocs\Tsara\ITUP2\4159_4274_S4_Final\4159-4274\vendor\codeigniter4\framework\system\Database\SQLite3\Connection.php(111): SQLite3->__construct('C:\\xampp\\htdocs...')
#1 C:\xampp\htdocs\Tsara\ITUP2\4159_4274_S4_Final\4159-4274\vendor\codeigniter4\framework\system\Database\BaseConnection.php(555): CodeIgniter\Database\SQLite3\Connection->connect(false)
#2 C:\xampp\htdocs\Tsara\ITUP2\4159_4274_S4_Final\4159-4274\vendor\codeigniter4\framework\system\Database\SQLite3\Connection.php(74): CodeIgniter\Database\BaseConnection->initialize()
#3 C:\xampp\htdocs\Tsara\ITUP2\4159_4274_S4_Final\4159-4274\vendor\codeigniter4\framework\system\Database\BaseConnection.php(795): CodeIgniter\Database\SQLite3\Connection->initialize()
#4 C:\xampp\htdocs\Tsara\ITUP2\4159_4274_S4_Final\4159-4274\vendor\codeigniter4\framework\system\Database\BaseBuilder.php(1659): CodeIgniter\Database\BaseConnection->query('SELECT *\nFROM `...', Array, false)
#5 C:\xampp\htdocs\Tsara\ITUP2\4159_4274_S4_Final\4159-4274\vendor\codeigniter4\framework\system\Model.php(297): CodeIgniter\Database\BaseBuilder->get()
#6 C:\xampp\htdocs\Tsara\ITUP2\4159_4274_S4_Final\4159-4274\vendor\codeigniter4\framework\system\BaseModel.php(714): CodeIgniter\Model->doFirst()
#7 C:\xampp\htdocs\Tsara\ITUP2\4159_4274_S4_Final\4159-4274\app\Controllers\Clients\Auth.php(24): CodeIgniter\BaseModel->first()
#8 C:\xampp\htdocs\Tsara\ITUP2\4159_4274_S4_Final\4159-4274\vendor\codeigniter4\framework\system\CodeIgniter.php(974): App\Controllers\Clients\Auth->verifier()
#9 C:\xampp\htdocs\Tsara\ITUP2\4159_4274_S4_Final\4159-4274\vendor\codeigniter4\framework\system\CodeIgniter.php(520): CodeIgniter\CodeIgniter->runController(Object(App\Controllers\Clients\Auth))
#10 C:\xampp\htdocs\Tsara\ITUP2\4159_4274_S4_Final\4159-4274\vendor\codeigniter4\framework\system\CodeIgniter.php(363): CodeIgniter\CodeIgniter->handleRequest(NULL, Object(Config\Cache), false)
#11 C:\xampp\htdocs\Tsara\ITUP2\4159_4274_S4_Final\4159-4274\vendor\codeigniter4\framework\system\Boot.php(417): CodeIgniter\CodeIgniter->run()
#12 C:\xampp\htdocs\Tsara\ITUP2\4159_4274_S4_Final\4159-4274\vendor\codeigniter4\framework\system\Boot.php(68): CodeIgniter\Boot::runCodeIgniter(Object(CodeIgniter\CodeIgniter))
#13 C:\xampp\htdocs\Tsara\ITUP2\4159_4274_S4_Final\4159-4274\public\index.php(59): CodeIgniter\Boot::bootWeb(Object(Config\Paths))
#14 C:\xampp\htdocs\Tsara\ITUP2\4159_4274_S4_Final\4159-4274\vendor\codeigniter4\framework\system\rewrite.php(44): require_once('C:\\xampp\\htdocs...')
#15 {main}

Next CodeIgniter\Database\Exceptions\DatabaseException: SQLite3 error: Unable to open database: unable to open database file in C:\xampp\htdocs\Tsara\ITUP2\4159_4274_S4_Final\4159-4274\vendor\codeigniter4\framework\system\Database\SQLite3\Connection.php:118
Stack trace:
#0 C:\xampp\htdocs\Tsara\ITUP2\4159_4274_S4_Final\4159-4274\vendor\codeigniter4\framework\system\Database\BaseConnection.php(555): CodeIgniter\Database\SQLite3\Connection->connect(false)
#1 C:\xampp\htdocs\Tsara\ITUP2\4159_4274_S4_Final\4159-4274\vendor\codeigniter4\framework\system\Database\SQLite3\Connection.php(74): CodeIgniter\Database\BaseConnection->initialize()
#2 C:\xampp\htdocs\Tsara\ITUP2\4159_4274_S4_Final\4159-4274\vendor\codeigniter4\framework\system\Database\BaseConnection.php(795): CodeIgniter\Database\SQLite3\Connection->initialize()
#3 C:\xampp\htdocs\Tsara\ITUP2\4159_4274_S4_Final\4159-4274\vendor\codeigniter4\framework\system\Database\BaseBuilder.php(1659): CodeIgniter\Database\BaseConnection->query('SELECT *\nFROM `...', Array, false)
#4 C:\xampp\htdocs\Tsara\ITUP2\4159_4274_S4_Final\4159-4274\vendor\codeigniter4\framework\system\Model.php(297): CodeIgniter\Database\BaseBuilder->get()
#5 C:\xampp\htdocs\Tsara\ITUP2\4159_4274_S4_Final\4159-4274\vendor\codeigniter4\framework\system\BaseModel.php(714): CodeIgniter\Model->doFirst()
#6 C:\xampp\htdocs\Tsara\ITUP2\4159_4274_S4_Final\4159-4274\app\Controllers\Clients\Auth.php(24): CodeIgniter\BaseModel->first()
#7 C:\xampp\htdocs\Tsara\ITUP2\4159_4274_S4_Final\4159-4274\vendor\codeigniter4\framework\system\CodeIgniter.php(974): App\Controllers\Clients\Auth->verifier()
#8 C:\xampp\htdocs\Tsara\ITUP2\4159_4274_S4_Final\4159-4274\vendor\codeigniter4\framework\system\CodeIgniter.php(520): CodeIgniter\CodeIgniter->runController(Object(App\Controllers\Clients\Auth))
#9 C:\xampp\htdocs\Tsara\ITUP2\4159_4274_S4_Final\4159-4274\vendor\codeigniter4\framework\system\CodeIgniter.php(363): CodeIgniter\CodeIgniter->handleRequest(NULL, Object(Config\Cache), false)
#10 C:\xampp\htdocs\Tsara\ITUP2\4159_4274_S4_Final\4159-4274\vendor\codeigniter4\framework\system\Boot.php(417): CodeIgniter\CodeIgniter->run()
#11 C:\xampp\htdocs\Tsara\ITUP2\4159_4274_S4_Final\4159-4274\vendor\codeigniter4\framework\system\Boot.php(68): CodeIgniter\Boot::runCodeIgniter(Object(CodeIgniter\CodeIgniter))
#12 C:\xampp\htdocs\Tsara\ITUP2\4159_4274_S4_Final\4159-4274\public\index.php(59): CodeIgniter\Boot::bootWeb(Object(Config\Paths))
#13 C:\xampp\htdocs\Tsara\ITUP2\4159_4274_S4_Final\4159-4274\vendor\codeigniter4\framework\system\rewrite.php(44): require_once('C:\\xampp\\htdocs...')
#14 {main}
CRITICAL - 2026-07-20 07:27:44 --> CodeIgniter\Database\Exceptions\DatabaseException: Unable to connect to the database.
Main connection [SQLite3]: SQLite3 error: Unable to open database: unable to open database file
[Method: POST, Route: auth/verifier]
in SYSTEMPATH\Database\BaseConnection.php on line 606.
 1 SYSTEMPATH\Database\SQLite3\Connection.php(74): CodeIgniter\Database\BaseConnection->initialize()
 2 SYSTEMPATH\Database\BaseConnection.php(795): CodeIgniter\Database\SQLite3\Connection->initialize()
 3 SYSTEMPATH\Database\BaseBuilder.php(1659): CodeIgniter\Database\BaseConnection->query('SELECT *
FROM `prefixe`
WHERE `prefixe` = :prefixe:
 LIMIT 1', [...], false)
 4 SYSTEMPATH\Model.php(297): CodeIgniter\Database\BaseBuilder->get()
 5 SYSTEMPATH\BaseModel.php(714): CodeIgniter\Model->doFirst()
 6 APPPATH\Controllers\Clients\Auth.php(24): CodeIgniter\BaseModel->first()
 7 SYSTEMPATH\CodeIgniter.php(974): App\Controllers\Clients\Auth->verifier()
 8 SYSTEMPATH\CodeIgniter.php(520): CodeIgniter\CodeIgniter->runController(Object(App\Controllers\Clients\Auth))
 9 SYSTEMPATH\CodeIgniter.php(363): CodeIgniter\CodeIgniter->handleRequest(null, Object(Config\Cache), false)
10 SYSTEMPATH\Boot.php(417): CodeIgniter\CodeIgniter->run()
11 SYSTEMPATH\Boot.php(68): CodeIgniter\Boot::runCodeIgniter(Object(CodeIgniter\CodeIgniter))
12 FCPATH\index.php(59): CodeIgniter\Boot::bootWeb(Object(Config\Paths))
13 SYSTEMPATH\rewrite.php(44): require_once('C:\\xampp\\htdocs\\Tsara\\ITUP2\\4159_4274_S4_Final\\4159-4274\\public\\index.php')
CRITICAL - 2026-07-20 07:32:04 --> CodeIgniter\Router\Exceptions\RouterException: The namespace delimiter is a backslash (\), not a slash (/). Route handler: "\App\Controllers\Clients/Auth::login"
[Method: GET, Route: /]
in SYSTEMPATH\Router\Router.php on line 521.
 1 SYSTEMPATH\Router\Router.php(521): CodeIgniter\Router\Exceptions\RouterException::forInvalidControllerName('\\App\\Controllers\\Clients/Auth::login')
 2 SYSTEMPATH\Router\Router.php(223): CodeIgniter\Router\Router->checkRoutes('/')
 3 SYSTEMPATH\CodeIgniter.php(852): CodeIgniter\Router\Router->handle('/')
 4 SYSTEMPATH\CodeIgniter.php(464): CodeIgniter\CodeIgniter->tryToRouteIt(Object(CodeIgniter\Router\RouteCollection))
 5 SYSTEMPATH\CodeIgniter.php(363): CodeIgniter\CodeIgniter->handleRequest(null, Object(Config\Cache), false)
 6 SYSTEMPATH\Boot.php(417): CodeIgniter\CodeIgniter->run()
 7 SYSTEMPATH\Boot.php(68): CodeIgniter\Boot::runCodeIgniter(Object(CodeIgniter\CodeIgniter))
 8 FCPATH\index.php(59): CodeIgniter\Boot::bootWeb(Object(Config\Paths))
 9 SYSTEMPATH\rewrite.php(44): require_once('C:\\xampp\\htdocs\\Tsara\\ITUP2\\4159_4274_S4_Final\\4159-4274\\public\\index.php')
CRITICAL - 2026-07-20 07:32:06 --> CodeIgniter\Router\Exceptions\RouterException: The namespace delimiter is a backslash (\), not a slash (/). Route handler: "\App\Controllers\Clients/Auth::login"
[Method: GET, Route: /]
in SYSTEMPATH\Router\Router.php on line 521.
 1 SYSTEMPATH\Router\Router.php(521): CodeIgniter\Router\Exceptions\RouterException::forInvalidControllerName('\\App\\Controllers\\Clients/Auth::login')
 2 SYSTEMPATH\Router\Router.php(223): CodeIgniter\Router\Router->checkRoutes('/')
 3 SYSTEMPATH\CodeIgniter.php(852): CodeIgniter\Router\Router->handle('/')
 4 SYSTEMPATH\CodeIgniter.php(464): CodeIgniter\CodeIgniter->tryToRouteIt(Object(CodeIgniter\Router\RouteCollection))
 5 SYSTEMPATH\CodeIgniter.php(363): CodeIgniter\CodeIgniter->handleRequest(null, Object(Config\Cache), false)
 6 SYSTEMPATH\Boot.php(417): CodeIgniter\CodeIgniter->run()
 7 SYSTEMPATH\Boot.php(68): CodeIgniter\Boot::runCodeIgniter(Object(CodeIgniter\CodeIgniter))
 8 FCPATH\index.php(59): CodeIgniter\Boot::bootWeb(Object(Config\Paths))
 9 SYSTEMPATH\rewrite.php(44): require_once('C:\\xampp\\htdocs\\Tsara\\ITUP2\\4159_4274_S4_Final\\4159-4274\\public\\index.php')
DEBUG - 2026-07-20 07:33:01 --> Session: Class initialized using 'CodeIgniter\Session\Handlers\FileHandler' driver.
CRITICAL - 2026-07-20 07:33:04 --> Error: Class "App\Models\PrefixeModel" not found
[Method: POST, Route: auth/verifier]
in APPPATH\Controllers\Clients\Auth.php on line 20.
 1 SYSTEMPATH\CodeIgniter.php(974): App\Controllers\Clients\Auth->verifier()
 2 SYSTEMPATH\CodeIgniter.php(520): CodeIgniter\CodeIgniter->runController(Object(App\Controllers\Clients\Auth))
 3 SYSTEMPATH\CodeIgniter.php(363): CodeIgniter\CodeIgniter->handleRequest(null, Object(Config\Cache), false)
 4 SYSTEMPATH\Boot.php(417): CodeIgniter\CodeIgniter->run()
 5 SYSTEMPATH\Boot.php(68): CodeIgniter\Boot::runCodeIgniter(Object(CodeIgniter\CodeIgniter))
 6 FCPATH\index.php(59): CodeIgniter\Boot::bootWeb(Object(Config\Paths))
 7 SYSTEMPATH\rewrite.php(44): require_once('C:\\xampp\\htdocs\\Tsara\\ITUP2\\4159_4274_S4_Final\\4159-4274\\public\\index.php')
DEBUG - 2026-07-20 07:35:25 --> Session: Class initialized using 'CodeIgniter\Session\Handlers\FileHandler' driver.
DEBUG - 2026-07-20 07:35:27 --> Session: Class initialized using 'CodeIgniter\Session\Handlers\FileHandler' driver.
ERROR - 2026-07-20 07:35:29 --> Error connecting to the database: Exception: Unable to open database: unable to open database file in C:\xampp\htdocs\Tsara\ITUP2\4159_4274_S4_Final\4159-4274\vendor\codeigniter4\framework\system\Database\SQLite3\Connection.php:111
Stack trace:
#0 C:\xampp\htdocs\Tsara\ITUP2\4159_4274_S4_Final\4159-4274\vendor\codeigniter4\framework\system\Database\SQLite3\Connection.php(111): SQLite3->__construct('C:\\xampp\\htdocs...')
#1 C:\xampp\htdocs\Tsara\ITUP2\4159_4274_S4_Final\4159-4274\vendor\codeigniter4\framework\system\Database\BaseConnection.php(555): CodeIgniter\Database\SQLite3\Connection->connect(false)
#2 C:\xampp\htdocs\Tsara\ITUP2\4159_4274_S4_Final\4159-4274\vendor\codeigniter4\framework\system\Database\SQLite3\Connection.php(74): CodeIgniter\Database\BaseConnection->initialize()
#3 C:\xampp\htdocs\Tsara\ITUP2\4159_4274_S4_Final\4159-4274\vendor\codeigniter4\framework\system\Database\BaseConnection.php(795): CodeIgniter\Database\SQLite3\Connection->initialize()
#4 C:\xampp\htdocs\Tsara\ITUP2\4159_4274_S4_Final\4159-4274\vendor\codeigniter4\framework\system\Database\BaseBuilder.php(1659): CodeIgniter\Database\BaseConnection->query('SELECT *\nFROM `...', Array, false)
#5 C:\xampp\htdocs\Tsara\ITUP2\4159_4274_S4_Final\4159-4274\vendor\codeigniter4\framework\system\Model.php(297): CodeIgniter\Database\BaseBuilder->get()
#6 C:\xampp\htdocs\Tsara\ITUP2\4159_4274_S4_Final\4159-4274\vendor\codeigniter4\framework\system\BaseModel.php(714): CodeIgniter\Model->doFirst()
#7 C:\xampp\htdocs\Tsara\ITUP2\4159_4274_S4_Final\4159-4274\app\Controllers\Clients\Auth.php(24): CodeIgniter\BaseModel->first()
#8 C:\xampp\htdocs\Tsara\ITUP2\4159_4274_S4_Final\4159-4274\vendor\codeigniter4\framework\system\CodeIgniter.php(974): App\Controllers\Clients\Auth->verifier()
#9 C:\xampp\htdocs\Tsara\ITUP2\4159_4274_S4_Final\4159-4274\vendor\codeigniter4\framework\system\CodeIgniter.php(520): CodeIgniter\CodeIgniter->runController(Object(App\Controllers\Clients\Auth))
#10 C:\xampp\htdocs\Tsara\ITUP2\4159_4274_S4_Final\4159-4274\vendor\codeigniter4\framework\system\CodeIgniter.php(363): CodeIgniter\CodeIgniter->handleRequest(NULL, Object(Config\Cache), false)
#11 C:\xampp\htdocs\Tsara\ITUP2\4159_4274_S4_Final\4159-4274\vendor\codeigniter4\framework\system\Boot.php(417): CodeIgniter\CodeIgniter->run()
#12 C:\xampp\htdocs\Tsara\ITUP2\4159_4274_S4_Final\4159-4274\vendor\codeigniter4\framework\system\Boot.php(68): CodeIgniter\Boot::runCodeIgniter(Object(CodeIgniter\CodeIgniter))
#13 C:\xampp\htdocs\Tsara\ITUP2\4159_4274_S4_Final\4159-4274\public\index.php(59): CodeIgniter\Boot::bootWeb(Object(Config\Paths))
#14 C:\xampp\htdocs\Tsara\ITUP2\4159_4274_S4_Final\4159-4274\vendor\codeigniter4\framework\system\rewrite.php(44): require_once('C:\\xampp\\htdocs...')
#15 {main}

Next CodeIgniter\Database\Exceptions\DatabaseException: SQLite3 error: Unable to open database: unable to open database file in C:\xampp\htdocs\Tsara\ITUP2\4159_4274_S4_Final\4159-4274\vendor\codeigniter4\framework\system\Database\SQLite3\Connection.php:118
Stack trace:
#0 C:\xampp\htdocs\Tsara\ITUP2\4159_4274_S4_Final\4159-4274\vendor\codeigniter4\framework\system\Database\BaseConnection.php(555): CodeIgniter\Database\SQLite3\Connection->connect(false)
#1 C:\xampp\htdocs\Tsara\ITUP2\4159_4274_S4_Final\4159-4274\vendor\codeigniter4\framework\system\Database\SQLite3\Connection.php(74): CodeIgniter\Database\BaseConnection->initialize()
#2 C:\xampp\htdocs\Tsara\ITUP2\4159_4274_S4_Final\4159-4274\vendor\codeigniter4\framework\system\Database\BaseConnection.php(795): CodeIgniter\Database\SQLite3\Connection->initialize()
#3 C:\xampp\htdocs\Tsara\ITUP2\4159_4274_S4_Final\4159-4274\vendor\codeigniter4\framework\system\Database\BaseBuilder.php(1659): CodeIgniter\Database\BaseConnection->query('SELECT *\nFROM `...', Array, false)
#4 C:\xampp\htdocs\Tsara\ITUP2\4159_4274_S4_Final\4159-4274\vendor\codeigniter4\framework\system\Model.php(297): CodeIgniter\Database\BaseBuilder->get()
#5 C:\xampp\htdocs\Tsara\ITUP2\4159_4274_S4_Final\4159-4274\vendor\codeigniter4\framework\system\BaseModel.php(714): CodeIgniter\Model->doFirst()
#6 C:\xampp\htdocs\Tsara\ITUP2\4159_4274_S4_Final\4159-4274\app\Controllers\Clients\Auth.php(24): CodeIgniter\BaseModel->first()
#7 C:\xampp\htdocs\Tsara\ITUP2\4159_4274_S4_Final\4159-4274\vendor\codeigniter4\framework\system\CodeIgniter.php(974): App\Controllers\Clients\Auth->verifier()
#8 C:\xampp\htdocs\Tsara\ITUP2\4159_4274_S4_Final\4159-4274\vendor\codeigniter4\framework\system\CodeIgniter.php(520): CodeIgniter\CodeIgniter->runController(Object(App\Controllers\Clients\Auth))
#9 C:\xampp\htdocs\Tsara\ITUP2\4159_4274_S4_Final\4159-4274\vendor\codeigniter4\framework\system\CodeIgniter.php(363): CodeIgniter\CodeIgniter->handleRequest(NULL, Object(Config\Cache), false)
#10 C:\xampp\htdocs\Tsara\ITUP2\4159_4274_S4_Final\4159-4274\vendor\codeigniter4\framework\system\Boot.php(417): CodeIgniter\CodeIgniter->run()
#11 C:\xampp\htdocs\Tsara\ITUP2\4159_4274_S4_Final\4159-4274\vendor\codeigniter4\framework\system\Boot.php(68): CodeIgniter\Boot::runCodeIgniter(Object(CodeIgniter\CodeIgniter))
#12 C:\xampp\htdocs\Tsara\ITUP2\4159_4274_S4_Final\4159-4274\public\index.php(59): CodeIgniter\Boot::bootWeb(Object(Config\Paths))
#13 C:\xampp\htdocs\Tsara\ITUP2\4159_4274_S4_Final\4159-4274\vendor\codeigniter4\framework\system\rewrite.php(44): require_once('C:\\xampp\\htdocs...')
#14 {main}
CRITICAL - 2026-07-20 07:35:29 --> CodeIgniter\Database\Exceptions\DatabaseException: Unable to connect to the database.
Main connection [SQLite3]: SQLite3 error: Unable to open database: unable to open database file
[Method: POST, Route: auth/verifier]
in SYSTEMPATH\Database\BaseConnection.php on line 606.
 1 SYSTEMPATH\Database\SQLite3\Connection.php(74): CodeIgniter\Database\BaseConnection->initialize()
 2 SYSTEMPATH\Database\BaseConnection.php(795): CodeIgniter\Database\SQLite3\Connection->initialize()
 3 SYSTEMPATH\Database\BaseBuilder.php(1659): CodeIgniter\Database\BaseConnection->query('SELECT *
FROM `prefixe`
WHERE `prefixe` = :prefixe:
 LIMIT 1', [...], false)
 4 SYSTEMPATH\Model.php(297): CodeIgniter\Database\BaseBuilder->get()
 5 SYSTEMPATH\BaseModel.php(714): CodeIgniter\Model->doFirst()
 6 APPPATH\Controllers\Clients\Auth.php(24): CodeIgniter\BaseModel->first()
 7 SYSTEMPATH\CodeIgniter.php(974): App\Controllers\Clients\Auth->verifier()
 8 SYSTEMPATH\CodeIgniter.php(520): CodeIgniter\CodeIgniter->runController(Object(App\Controllers\Clients\Auth))
 9 SYSTEMPATH\CodeIgniter.php(363): CodeIgniter\CodeIgniter->handleRequest(null, Object(Config\Cache), false)
10 SYSTEMPATH\Boot.php(417): CodeIgniter\CodeIgniter->run()
11 SYSTEMPATH\Boot.php(68): CodeIgniter\Boot::runCodeIgniter(Object(CodeIgniter\CodeIgniter))
12 FCPATH\index.php(59): CodeIgniter\Boot::bootWeb(Object(Config\Paths))
13 SYSTEMPATH\rewrite.php(44): require_once('C:\\xampp\\htdocs\\Tsara\\ITUP2\\4159_4274_S4_Final\\4159-4274\\public\\index.php')
ERROR - 2026-07-20 07:41:22 --> UNIQUE constraint failed: prefixe.prefixe
in SYSTEMPATH\Database\SQLite3\Connection.php on line 163.
 1 SYSTEMPATH\Database\SQLite3\Connection.php(163): SQLite3->exec('INSERT INTO `prefixe` (`prefixe`)
VALUES (\'034\'), (\'038\')')
 2 SYSTEMPATH\Database\BaseConnection.php(908): CodeIgniter\Database\SQLite3\Connection->execute('INSERT INTO `prefixe` (`prefixe`)
VALUES (\'034\'), (\'038\')')
 3 SYSTEMPATH\Database\BaseConnection.php(825): CodeIgniter\Database\BaseConnection->simpleQuery('INSERT INTO `prefixe` (`prefixe`)
VALUES (\'034\'), (\'038\')')
 4 SYSTEMPATH\Database\BaseBuilder.php(1851): CodeIgniter\Database\BaseConnection->query('INSERT INTO `prefixe` (`prefixe`)
VALUES (\'034\'), (\'038\')', null, false)
 5 SYSTEMPATH\Database\BaseBuilder.php(2240): CodeIgniter\Database\BaseBuilder->batchExecute('_insertBatch', 100)
 6 APPPATH\Database\Seeds\PrefixeSeeder.php(16): CodeIgniter\Database\BaseBuilder->insertBatch([...])
 7 SYSTEMPATH\Database\Seeder.php(155): App\Database\Seeds\PrefixeSeeder->run()
 8 APPPATH\Database\Seeds\DatabaseSeeder.php(11): CodeIgniter\Database\Seeder->call('App\\Database\\Seeds\\PrefixeSeeder')
 9 SYSTEMPATH\Database\Seeder.php(155): App\Database\Seeds\DatabaseSeeder->run()
10 SYSTEMPATH\Commands\Database\Seed.php(79): CodeIgniter\Database\Seeder->call('App\\Database\\Seeds\\DatabaseSeeder')
11 SYSTEMPATH\CLI\Commands.php(72): CodeIgniter\Commands\Database\Seed->run([])
12 SYSTEMPATH\CLI\Console.php(47): CodeIgniter\CLI\Commands->run('db:seed', [...])
13 SYSTEMPATH\Boot.php(444): CodeIgniter\CLI\Console->run()
14 SYSTEMPATH\Boot.php(166): CodeIgniter\Boot::runCommand(Object(CodeIgniter\CLI\Console))
15 ROOTPATH\spark(87): CodeIgniter\Boot::bootSpark(Object(Config\Paths))
DEBUG - 2026-07-20 07:44:37 --> Session: Class initialized using 'CodeIgniter\Session\Handlers\FileHandler' driver.
DEBUG - 2026-07-20 07:44:39 --> Session: Class initialized using 'CodeIgniter\Session\Handlers\FileHandler' driver.
DEBUG - 2026-07-20 07:44:42 --> Session: Class initialized using 'CodeIgniter\Session\Handlers\FileHandler' driver.
DEBUG - 2026-07-20 07:44:42 --> Session: Class initialized using 'CodeIgniter\Session\Handlers\FileHandler' driver.
CRITICAL - 2026-07-20 07:46:41 --> ErrorException: Cannot declare class App\Controllers\Clients\Auth, because the name is already in use
[Method: GET, Route: auth/logout]
in APPPATH\Controllers\Clients\AuthController.php on line 9.
 1 [internal function]: CodeIgniter\Debug\Exceptions->shutdownHandler()
CRITICAL - 2026-07-20 07:46:47 --> ErrorException: Cannot declare class App\Controllers\Clients\Auth, because the name is already in use
[Method: GET, Route: /]
in APPPATH\Controllers\Clients\AuthController.php on line 9.
 1 [internal function]: CodeIgniter\Debug\Exceptions->shutdownHandler()
CRITICAL - 2026-07-20 07:46:51 --> ErrorException: Cannot declare class App\Controllers\Clients\Auth, because the name is already in use
[Method: GET, Route: /]
in APPPATH\Controllers\Clients\AuthController.php on line 9.
 1 [internal function]: CodeIgniter\Debug\Exceptions->shutdownHandler()
CRITICAL - 2026-07-20 07:48:56 --> ErrorException: Cannot declare class App\Controllers\Clients\Auth, because the name is already in use
[Method: GET, Route: /]
in APPPATH\Controllers\Clients\AuthController.php on line 9.
 1 [internal function]: CodeIgniter\Debug\Exceptions->shutdownHandler()
DEBUG - 2026-07-20 07:50:03 --> Session: Class initialized using 'CodeIgniter\Session\Handlers\FileHandler' driver.
DEBUG - 2026-07-20 07:50:06 --> Session: Class initialized using 'CodeIgniter\Session\Handlers\FileHandler' driver.
DEBUG - 2026-07-20 07:50:06 --> Session: Class initialized using 'CodeIgniter\Session\Handlers\FileHandler' driver.
DEBUG - 2026-07-20 07:50:12 --> Session: Class initialized using 'CodeIgniter\Session\Handlers\FileHandler' driver.
DEBUG - 2026-07-20 07:50:12 --> Session: Class initialized using 'CodeIgniter\Session\Handlers\FileHandler' driver.
DEBUG - 2026-07-20 07:53:19 --> Session: Class initialized using 'CodeIgniter\Session\Handlers\FileHandler' driver.
ERROR - 2026-07-20 07:55:30 --> UNIQUE constraint failed: prefixe.prefixe
in SYSTEMPATH\Database\SQLite3\Connection.php on line 163.
 1 SYSTEMPATH\Database\SQLite3\Connection.php(163): SQLite3->exec('INSERT INTO `prefixe` (`prefixe`)
VALUES (\'034\'), (\'038\')')
 2 SYSTEMPATH\Database\BaseConnection.php(908): CodeIgniter\Database\SQLite3\Connection->execute('INSERT INTO `prefixe` (`prefixe`)
VALUES (\'034\'), (\'038\')')
 3 SYSTEMPATH\Database\BaseConnection.php(825): CodeIgniter\Database\BaseConnection->simpleQuery('INSERT INTO `prefixe` (`prefixe`)
VALUES (\'034\'), (\'038\')')
 4 SYSTEMPATH\Database\BaseBuilder.php(1851): CodeIgniter\Database\BaseConnection->query('INSERT INTO `prefixe` (`prefixe`)
VALUES (\'034\'), (\'038\')', null, false)
 5 SYSTEMPATH\Database\BaseBuilder.php(2240): CodeIgniter\Database\BaseBuilder->batchExecute('_insertBatch', 100)
 6 APPPATH\Database\Seeds\PrefixeSeeder.php(16): CodeIgniter\Database\BaseBuilder->insertBatch([...])
 7 SYSTEMPATH\Database\Seeder.php(155): App\Database\Seeds\PrefixeSeeder->run()
 8 APPPATH\Database\Seeds\DatabaseSeeder.php(11): CodeIgniter\Database\Seeder->call('App\\Database\\Seeds\\PrefixeSeeder')
 9 SYSTEMPATH\Database\Seeder.php(155): App\Database\Seeds\DatabaseSeeder->run()
10 SYSTEMPATH\Commands\Database\Seed.php(79): CodeIgniter\Database\Seeder->call('App\\Database\\Seeds\\DatabaseSeeder')
11 SYSTEMPATH\CLI\Commands.php(72): CodeIgniter\Commands\Database\Seed->run([])
12 SYSTEMPATH\CLI\Console.php(47): CodeIgniter\CLI\Commands->run('db:seed', [...])
13 SYSTEMPATH\Boot.php(444): CodeIgniter\CLI\Console->run()
14 SYSTEMPATH\Boot.php(166): CodeIgniter\Boot::runCommand(Object(CodeIgniter\CLI\Console))
15 ROOTPATH\spark(87): CodeIgniter\Boot::bootSpark(Object(Config\Paths))
DEBUG - 2026-07-20 08:05:27 --> Session: Class initialized using 'CodeIgniter\Session\Handlers\FileHandler' driver.
DEBUG - 2026-07-20 08:05:27 --> Session: Class initialized using 'CodeIgniter\Session\Handlers\FileHandler' driver.
DEBUG - 2026-07-20 08:05:41 --> Session: Class initialized using 'CodeIgniter\Session\Handlers\FileHandler' driver.
DEBUG - 2026-07-20 08:05:41 --> Session: Class initialized using 'CodeIgniter\Session\Handlers\FileHandler' driver.
DEBUG - 2026-07-20 08:05:49 --> Session: Class initialized using 'CodeIgniter\Session\Handlers\FileHandler' driver.
DEBUG - 2026-07-20 08:05:50 --> Session: Class initialized using 'CodeIgniter\Session\Handlers\FileHandler' driver.
DEBUG - 2026-07-20 08:05:53 --> Session: Class initialized using 'CodeIgniter\Session\Handlers\FileHandler' driver.
DEBUG - 2026-07-20 08:05:53 --> Session: Class initialized using 'CodeIgniter\Session\Handlers\FileHandler' driver.
DEBUG - 2026-07-20 08:05:59 --> Session: Class initialized using 'CodeIgniter\Session\Handlers\FileHandler' driver.
DEBUG - 2026-07-20 08:07:33 --> Session: Class initialized using 'CodeIgniter\Session\Handlers\FileHandler' driver.
DEBUG - 2026-07-20 08:07:35 --> Session: Class initialized using 'CodeIgniter\Session\Handlers\FileHandler' driver.
DEBUG - 2026-07-20 08:07:36 --> Session: Class initialized using 'CodeIgniter\Session\Handlers\FileHandler' driver.
DEBUG - 2026-07-20 08:07:42 --> Session: Class initialized using 'CodeIgniter\Session\Handlers\FileHandler' driver.
DEBUG - 2026-07-20 08:07:43 --> Session: Class initialized using 'CodeIgniter\Session\Handlers\FileHandler' driver.
DEBUG - 2026-07-20 08:07:46 --> Session: Class initialized using 'CodeIgniter\Session\Handlers\FileHandler' driver.
DEBUG - 2026-07-20 08:07:46 --> Session: Class initialized using 'CodeIgniter\Session\Handlers\FileHandler' driver.
DEBUG - 2026-07-20 08:07:50 --> Session: Class initialized using 'CodeIgniter\Session\Handlers\FileHandler' driver.
DEBUG - 2026-07-20 08:07:50 --> Session: Class initialized using 'CodeIgniter\Session\Handlers\FileHandler' driver.
DEBUG - 2026-07-20 08:12:28 --> Session: Class initialized using 'CodeIgniter\Session\Handlers\FileHandler' driver.
DEBUG - 2026-07-20 08:12:31 --> Session: Class initialized using 'CodeIgniter\Session\Handlers\FileHandler' driver.
DEBUG - 2026-07-20 08:12:31 --> Session: Class initialized using 'CodeIgniter\Session\Handlers\FileHandler' driver.
DEBUG - 2026-07-20 08:13:33 --> Session: Class initialized using 'CodeIgniter\Session\Handlers\FileHandler' driver.
DEBUG - 2026-07-20 08:13:36 --> Session: Class initialized using 'CodeIgniter\Session\Handlers\FileHandler' driver.
DEBUG - 2026-07-20 08:13:36 --> Session: Class initialized using 'CodeIgniter\Session\Handlers\FileHandler' driver.
CRITICAL - 2026-07-20 08:13:38 --> ErrorException: Cannot declare class App\Controllers\Client\OperationController, because the name is already in use
[Method: GET, Route: client/depot]
in APPPATH\Controllers\Clients\OperationController.php on line 9.
 1 [internal function]: CodeIgniter\Debug\Exceptions->shutdownHandler()
DEBUG - 2026-07-20 08:14:04 --> Session: Class initialized using 'CodeIgniter\Session\Handlers\FileHandler' driver.
DEBUG - 2026-07-20 08:14:08 --> Session: Class initialized using 'CodeIgniter\Session\Handlers\FileHandler' driver.
DEBUG - 2026-07-20 08:14:10 --> Session: Class initialized using 'CodeIgniter\Session\Handlers\FileHandler' driver.
DEBUG - 2026-07-20 08:14:11 --> Session: Class initialized using 'CodeIgniter\Session\Handlers\FileHandler' driver.
DEBUG - 2026-07-20 08:14:14 --> Session: Class initialized using 'CodeIgniter\Session\Handlers\FileHandler' driver.
DEBUG - 2026-07-20 08:14:19 --> Session: Class initialized using 'CodeIgniter\Session\Handlers\FileHandler' driver.
DEBUG - 2026-07-20 08:14:21 --> Session: Class initialized using 'CodeIgniter\Session\Handlers\FileHandler' driver.
DEBUG - 2026-07-20 08:14:26 --> Session: Class initialized using 'CodeIgniter\Session\Handlers\FileHandler' driver.
DEBUG - 2026-07-20 08:14:27 --> Session: Class initialized using 'CodeIgniter\Session\Handlers\FileHandler' driver.
DEBUG - 2026-07-20 08:14:31 --> Session: Class initialized using 'CodeIgniter\Session\Handlers\FileHandler' driver.
DEBUG - 2026-07-20 08:14:34 --> Session: Class initialized using 'CodeIgniter\Session\Handlers\FileHandler' driver.
DEBUG - 2026-07-20 08:14:34 --> Session: Class initialized using 'CodeIgniter\Session\Handlers\FileHandler' driver.
DEBUG - 2026-07-20 08:14:37 --> Session: Class initialized using 'CodeIgniter\Session\Handlers\FileHandler' driver.
DEBUG - 2026-07-20 08:14:37 --> Session: Class initialized using 'CodeIgniter\Session\Handlers\FileHandler' driver.
DEBUG - 2026-07-20 08:14:40 --> Session: Class initialized using 'CodeIgniter\Session\Handlers\FileHandler' driver.
DEBUG - 2026-07-20 08:14:41 --> Session: Class initialized using 'CodeIgniter\Session\Handlers\FileHandler' driver.
DEBUG - 2026-07-20 08:14:43 --> Session: Class initialized using 'CodeIgniter\Session\Handlers\FileHandler' driver.
DEBUG - 2026-07-20 08:14:43 --> Session: Class initialized using 'CodeIgniter\Session\Handlers\FileHandler' driver.
DEBUG - 2026-07-20 08:14:45 --> Session: Class initialized using 'CodeIgniter\Session\Handlers\FileHandler' driver.
DEBUG - 2026-07-20 08:14:45 --> Session: Class initialized using 'CodeIgniter\Session\Handlers\FileHandler' driver.
DEBUG - 2026-07-20 08:14:49 --> Session: Class initialized using 'CodeIgniter\Session\Handlers\FileHandler' driver.
DEBUG - 2026-07-20 08:14:49 --> Session: Class initialized using 'CodeIgniter\Session\Handlers\FileHandler' driver.
DEBUG - 2026-07-20 08:15:09 --> Session: Class initialized using 'CodeIgniter\Session\Handlers\FileHandler' driver.
DEBUG - 2026-07-20 08:15:10 --> Session: Class initialized using 'CodeIgniter\Session\Handlers\FileHandler' driver.
DEBUG - 2026-07-20 08:15:11 --> Session: Class initialized using 'CodeIgniter\Session\Handlers\FileHandler' driver.
DEBUG - 2026-07-20 08:15:17 --> Session: Class initialized using 'CodeIgniter\Session\Handlers\FileHandler' driver.
DEBUG - 2026-07-20 08:15:18 --> Session: Class initialized using 'CodeIgniter\Session\Handlers\FileHandler' driver.
DEBUG - 2026-07-20 08:21:40 --> Session: Class initialized using 'CodeIgniter\Session\Handlers\FileHandler' driver.
DEBUG - 2026-07-20 08:21:44 --> Session: Class initialized using 'CodeIgniter\Session\Handlers\FileHandler' driver.
DEBUG - 2026-07-20 08:21:45 --> Session: Class initialized using 'CodeIgniter\Session\Handlers\FileHandler' driver.
DEBUG - 2026-07-20 08:21:48 --> Session: Class initialized using 'CodeIgniter\Session\Handlers\FileHandler' driver.
DEBUG - 2026-07-20 08:21:48 --> Session: Class initialized using 'CodeIgniter\Session\Handlers\FileHandler' driver.
DEBUG - 2026-07-20 08:22:22 --> Session: Class initialized using 'CodeIgniter\Session\Handlers\FileHandler' driver.
DEBUG - 2026-07-20 08:22:28 --> Session: Class initialized using 'CodeIgniter\Session\Handlers\FileHandler' driver.
DEBUG - 2026-07-20 08:22:29 --> Session: Class initialized using 'CodeIgniter\Session\Handlers\FileHandler' driver.
DEBUG - 2026-07-20 08:22:36 --> Session: Class initialized using 'CodeIgniter\Session\Handlers\FileHandler' driver.
DEBUG - 2026-07-20 08:22:36 --> Session: Class initialized using 'CodeIgniter\Session\Handlers\FileHandler' driver.
DEBUG - 2026-07-20 08:22:43 --> Session: Class initialized using 'CodeIgniter\Session\Handlers\FileHandler' driver.
DEBUG - 2026-07-20 08:22:43 --> Session: Class initialized using 'CodeIgniter\Session\Handlers\FileHandler' driver.
DEBUG - 2026-07-20 08:22:45 --> Session: Class initialized using 'CodeIgniter\Session\Handlers\FileHandler' driver.
DEBUG - 2026-07-20 08:22:46 --> Session: Class initialized using 'CodeIgniter\Session\Handlers\FileHandler' driver.
DEBUG - 2026-07-20 08:22:46 --> Session: Class initialized using 'CodeIgniter\Session\Handlers\FileHandler' driver.
DEBUG - 2026-07-20 08:22:48 --> Session: Class initialized using 'CodeIgniter\Session\Handlers\FileHandler' driver.
DEBUG - 2026-07-20 08:22:48 --> Session: Class initialized using 'CodeIgniter\Session\Handlers\FileHandler' driver.
DEBUG - 2026-07-20 08:22:50 --> Session: Class initialized using 'CodeIgniter\Session\Handlers\FileHandler' driver.
DEBUG - 2026-07-20 08:22:52 --> Session: Class initialized using 'CodeIgniter\Session\Handlers\FileHandler' driver.
DEBUG - 2026-07-20 08:22:59 --> Session: Class initialized using 'CodeIgniter\Session\Handlers\FileHandler' driver.
DEBUG - 2026-07-20 08:22:59 --> Session: Class initialized using 'CodeIgniter\Session\Handlers\FileHandler' driver.
DEBUG - 2026-07-20 08:23:15 --> Session: Class initialized using 'CodeIgniter\Session\Handlers\FileHandler' driver.
DEBUG - 2026-07-20 08:23:18 --> Session: Class initialized using 'CodeIgniter\Session\Handlers\FileHandler' driver.
DEBUG - 2026-07-20 08:23:19 --> Session: Class initialized using 'CodeIgniter\Session\Handlers\FileHandler' driver.
DEBUG - 2026-07-20 08:23:56 --> Session: Class initialized using 'CodeIgniter\Session\Handlers\FileHandler' driver.
DEBUG - 2026-07-20 08:23:58 --> Session: Class initialized using 'CodeIgniter\Session\Handlers\FileHandler' driver.
DEBUG - 2026-07-20 08:24:08 --> Session: Class initialized using 'CodeIgniter\Session\Handlers\FileHandler' driver.
DEBUG - 2026-07-20 08:24:08 --> Session: Class initialized using 'CodeIgniter\Session\Handlers\FileHandler' driver.
DEBUG - 2026-07-20 08:24:12 --> Session: Class initialized using 'CodeIgniter\Session\Handlers\FileHandler' driver.
DEBUG - 2026-07-20 08:24:19 --> Session: Class initialized using 'CodeIgniter\Session\Handlers\FileHandler' driver.
DEBUG - 2026-07-20 08:24:19 --> Session: Class initialized using 'CodeIgniter\Session\Handlers\FileHandler' driver.
DEBUG - 2026-07-20 08:27:25 --> Session: Class initialized using 'CodeIgniter\Session\Handlers\FileHandler' driver.
DEBUG - 2026-07-20 08:27:29 --> Session: Class initialized using 'CodeIgniter\Session\Handlers\FileHandler' driver.
DEBUG - 2026-07-20 08:27:29 --> Session: Class initialized using 'CodeIgniter\Session\Handlers\FileHandler' driver.
DEBUG - 2026-07-20 08:27:31 --> Session: Class initialized using 'CodeIgniter\Session\Handlers\FileHandler' driver.
DEBUG - 2026-07-20 08:27:45 --> Session: Class initialized using 'CodeIgniter\Session\Handlers\FileHandler' driver.
DEBUG - 2026-07-20 08:27:45 --> Session: Class initialized using 'CodeIgniter\Session\Handlers\FileHandler' driver.
DEBUG - 2026-07-20 08:27:52 --> Session: Class initialized using 'CodeIgniter\Session\Handlers\FileHandler' driver.
DEBUG - 2026-07-20 08:27:56 --> Session: Class initialized using 'CodeIgniter\Session\Handlers\FileHandler' driver.
DEBUG - 2026-07-20 08:27:56 --> Session: Class initialized using 'CodeIgniter\Session\Handlers\FileHandler' driver.
DEBUG - 2026-07-20 08:27:59 --> Session: Class initialized using 'CodeIgniter\Session\Handlers\FileHandler' driver.
DEBUG - 2026-07-20 08:27:59 --> Session: Class initialized using 'CodeIgniter\Session\Handlers\FileHandler' driver.
DEBUG - 2026-07-20 08:28:00 --> Session: Class initialized using 'CodeIgniter\Session\Handlers\FileHandler' driver.
DEBUG - 2026-07-20 08:28:15 --> Session: Class initialized using 'CodeIgniter\Session\Handlers\FileHandler' driver.
DEBUG - 2026-07-20 08:28:16 --> Session: Class initialized using 'CodeIgniter\Session\Handlers\FileHandler' driver.
DEBUG - 2026-07-20 08:28:24 --> Session: Class initialized using 'CodeIgniter\Session\Handlers\FileHandler' driver.
DEBUG - 2026-07-20 08:28:24 --> Session: Class initialized using 'CodeIgniter\Session\Handlers\FileHandler' driver.
DEBUG - 2026-07-20 08:28:29 --> Session: Class initialized using 'CodeIgniter\Session\Handlers\FileHandler' driver.
DEBUG - 2026-07-20 08:28:29 --> Session: Class initialized using 'CodeIgniter\Session\Handlers\FileHandler' driver.
DEBUG - 2026-07-20 08:28:36 --> Session: Class initialized using 'CodeIgniter\Session\Handlers\FileHandler' driver.
DEBUG - 2026-07-20 08:28:44 --> Session: Class initialized using 'CodeIgniter\Session\Handlers\FileHandler' driver.
DEBUG - 2026-07-20 08:28:44 --> Session: Class initialized using 'CodeIgniter\Session\Handlers\FileHandler' driver.
DEBUG - 2026-07-20 08:30:18 --> Session: Class initialized using 'CodeIgniter\Session\Handlers\FileHandler' driver.
DEBUG - 2026-07-20 08:30:32 --> Session: Class initialized using 'CodeIgniter\Session\Handlers\FileHandler' driver.
DEBUG - 2026-07-20 08:30:35 --> Session: Class initialized using 'CodeIgniter\Session\Handlers\FileHandler' driver.
DEBUG - 2026-07-20 08:30:35 --> Session: Class initialized using 'CodeIgniter\Session\Handlers\FileHandler' driver.
DEBUG - 2026-07-20 08:30:39 --> Session: Class initialized using 'CodeIgniter\Session\Handlers\FileHandler' driver.
DEBUG - 2026-07-20 08:30:39 --> Session: Class initialized using 'CodeIgniter\Session\Handlers\FileHandler' driver.
DEBUG - 2026-07-20 08:30:41 --> Session: Class initialized using 'CodeIgniter\Session\Handlers\FileHandler' driver.
DEBUG - 2026-07-20 08:30:59 --> Session: Class initialized using 'CodeIgniter\Session\Handlers\FileHandler' driver.
DEBUG - 2026-07-20 08:30:59 --> Session: Class initialized using 'CodeIgniter\Session\Handlers\FileHandler' driver.
DEBUG - 2026-07-20 08:31:33 --> Session: Class initialized using 'CodeIgniter\Session\Handlers\FileHandler' driver.
DEBUG - 2026-07-20 08:35:00 --> Session: Class initialized using 'CodeIgniter\Session\Handlers\FileHandler' driver.
DEBUG - 2026-07-20 08:35:03 --> Session: Class initialized using 'CodeIgniter\Session\Handlers\FileHandler' driver.
DEBUG - 2026-07-20 08:35:03 --> Session: Class initialized using 'CodeIgniter\Session\Handlers\FileHandler' driver.
DEBUG - 2026-07-20 08:35:04 --> Session: Class initialized using 'CodeIgniter\Session\Handlers\FileHandler' driver.
DEBUG - 2026-07-20 08:35:28 --> Session: Class initialized using 'CodeIgniter\Session\Handlers\FileHandler' driver.
DEBUG - 2026-07-20 08:35:30 --> Session: Class initialized using 'CodeIgniter\Session\Handlers\FileHandler' driver.
DEBUG - 2026-07-20 08:35:34 --> Session: Class initialized using 'CodeIgniter\Session\Handlers\FileHandler' driver.
DEBUG - 2026-07-20 08:35:37 --> Session: Class initialized using 'CodeIgniter\Session\Handlers\FileHandler' driver.
DEBUG - 2026-07-20 08:35:38 --> Session: Class initialized using 'CodeIgniter\Session\Handlers\FileHandler' driver.
DEBUG - 2026-07-20 08:35:42 --> Session: Class initialized using 'CodeIgniter\Session\Handlers\FileHandler' driver.
DEBUG - 2026-07-20 08:35:42 --> Session: Class initialized using 'CodeIgniter\Session\Handlers\FileHandler' driver.
DEBUG - 2026-07-20 08:35:44 --> Session: Class initialized using 'CodeIgniter\Session\Handlers\FileHandler' driver.
DEBUG - 2026-07-20 08:35:59 --> Session: Class initialized using 'CodeIgniter\Session\Handlers\FileHandler' driver.
DEBUG - 2026-07-20 08:36:04 --> Session: Class initialized using 'CodeIgniter\Session\Handlers\FileHandler' driver.
DEBUG - 2026-07-20 08:36:04 --> Session: Class initialized using 'CodeIgniter\Session\Handlers\FileHandler' driver.
DEBUG - 2026-07-20 08:36:08 --> Session: Class initialized using 'CodeIgniter\Session\Handlers\FileHandler' driver.
DEBUG - 2026-07-20 08:36:08 --> Session: Class initialized using 'CodeIgniter\Session\Handlers\FileHandler' driver.
DEBUG - 2026-07-20 08:36:09 --> Session: Class initialized using 'CodeIgniter\Session\Handlers\FileHandler' driver.
DEBUG - 2026-07-20 08:41:03 --> Session: Class initialized using 'CodeIgniter\Session\Handlers\FileHandler' driver.
ERROR - 2026-07-20 08:41:08 --> Unable to prepare statement: 1, no such table: prefixe
in SYSTEMPATH\Database\SQLite3\Connection.php on line 164.
 1 SYSTEMPATH\Database\SQLite3\Connection.php(164): SQLite3->query('SELECT *
FROM `prefixe`
WHERE `prefixe` = \'034\'
 LIMIT 1')
 2 SYSTEMPATH\Database\BaseConnection.php(908): CodeIgniter\Database\SQLite3\Connection->execute('SELECT *
FROM `prefixe`
WHERE `prefixe` = \'034\'
 LIMIT 1')
 3 SYSTEMPATH\Database\BaseConnection.php(825): CodeIgniter\Database\BaseConnection->simpleQuery('SELECT *
FROM `prefixe`
WHERE `prefixe` = \'034\'
 LIMIT 1')
 4 SYSTEMPATH\Database\BaseBuilder.php(1659): CodeIgniter\Database\BaseConnection->query('SELECT *
FROM `prefixe`
WHERE `prefixe` = :prefixe:
 LIMIT 1', [...], false)
 5 SYSTEMPATH\Model.php(297): CodeIgniter\Database\BaseBuilder->get()
 6 SYSTEMPATH\BaseModel.php(714): CodeIgniter\Model->doFirst()
 7 APPPATH\Controllers\Clients\AuthController.php(24): CodeIgniter\BaseModel->first()
 8 SYSTEMPATH\CodeIgniter.php(974): App\Controllers\Clients\AuthController->verifier()
 9 SYSTEMPATH\CodeIgniter.php(520): CodeIgniter\CodeIgniter->runController(Object(App\Controllers\Clients\AuthController))
10 SYSTEMPATH\CodeIgniter.php(363): CodeIgniter\CodeIgniter->handleRequest(null, Object(Config\Cache), false)
11 SYSTEMPATH\Boot.php(417): CodeIgniter\CodeIgniter->run()
12 SYSTEMPATH\Boot.php(68): CodeIgniter\Boot::runCodeIgniter(Object(CodeIgniter\CodeIgniter))
13 FCPATH\index.php(59): CodeIgniter\Boot::bootWeb(Object(Config\Paths))
14 SYSTEMPATH\rewrite.php(44): require_once('C:\\xampp\\htdocs\\Tsara\\ITUP2\\4159_4274_S4_Final\\4159-4274\\public\\index.php')
CRITICAL - 2026-07-20 08:41:08 --> CodeIgniter\Database\Exceptions\DatabaseException: Unable to prepare statement: 1, no such table: prefixe
[Method: POST, Route: auth/verifier]
in SYSTEMPATH\Database\BaseConnection.php on line 863.
 1 SYSTEMPATH\Database\BaseBuilder.php(1659): CodeIgniter\Database\BaseConnection->query('SELECT *
FROM `prefixe`
WHERE `prefixe` = :prefixe:
 LIMIT 1', [...], false)
 2 SYSTEMPATH\Model.php(297): CodeIgniter\Database\BaseBuilder->get()
 3 SYSTEMPATH\BaseModel.php(714): CodeIgniter\Model->doFirst()
 4 APPPATH\Controllers\Clients\AuthController.php(24): CodeIgniter\BaseModel->first()
 5 SYSTEMPATH\CodeIgniter.php(974): App\Controllers\Clients\AuthController->verifier()
 6 SYSTEMPATH\CodeIgniter.php(520): CodeIgniter\CodeIgniter->runController(Object(App\Controllers\Clients\AuthController))
 7 SYSTEMPATH\CodeIgniter.php(363): CodeIgniter\CodeIgniter->handleRequest(null, Object(Config\Cache), false)
 8 SYSTEMPATH\Boot.php(417): CodeIgniter\CodeIgniter->run()
 9 SYSTEMPATH\Boot.php(68): CodeIgniter\Boot::runCodeIgniter(Object(CodeIgniter\CodeIgniter))
10 FCPATH\index.php(59): CodeIgniter\Boot::bootWeb(Object(Config\Paths))
11 SYSTEMPATH\rewrite.php(44): require_once('C:\\xampp\\htdocs\\Tsara\\ITUP2\\4159_4274_S4_Final\\4159-4274\\public\\index.php')
CRITICAL - 2026-07-20 08:41:08 --> [Caused by] CodeIgniter\Database\Exceptions\DatabaseException: Unable to prepare statement: 1, no such table: prefixe
in SYSTEMPATH\Database\SQLite3\Connection.php on line 174.
 1 SYSTEMPATH\Database\BaseConnection.php(908): CodeIgniter\Database\SQLite3\Connection->execute('SELECT *
FROM `prefixe`
WHERE `prefixe` = \'034\'
 LIMIT 1')
 2 SYSTEMPATH\Database\BaseConnection.php(825): CodeIgniter\Database\BaseConnection->simpleQuery('SELECT *
FROM `prefixe`
WHERE `prefixe` = \'034\'
 LIMIT 1')
 3 SYSTEMPATH\Database\BaseBuilder.php(1659): CodeIgniter\Database\BaseConnection->query('SELECT *
FROM `prefixe`
WHERE `prefixe` = :prefixe:
 LIMIT 1', [...], false)
 4 SYSTEMPATH\Model.php(297): CodeIgniter\Database\BaseBuilder->get()
 5 SYSTEMPATH\BaseModel.php(714): CodeIgniter\Model->doFirst()
 6 APPPATH\Controllers\Clients\AuthController.php(24): CodeIgniter\BaseModel->first()
 7 SYSTEMPATH\CodeIgniter.php(974): App\Controllers\Clients\AuthController->verifier()
 8 SYSTEMPATH\CodeIgniter.php(520): CodeIgniter\CodeIgniter->runController(Object(App\Controllers\Clients\AuthController))
 9 SYSTEMPATH\CodeIgniter.php(363): CodeIgniter\CodeIgniter->handleRequest(null, Object(Config\Cache), false)
10 SYSTEMPATH\Boot.php(417): CodeIgniter\CodeIgniter->run()
11 SYSTEMPATH\Boot.php(68): CodeIgniter\Boot::runCodeIgniter(Object(CodeIgniter\CodeIgniter))
12 FCPATH\index.php(59): CodeIgniter\Boot::bootWeb(Object(Config\Paths))
13 SYSTEMPATH\rewrite.php(44): require_once('C:\\xampp\\htdocs\\Tsara\\ITUP2\\4159_4274_S4_Final\\4159-4274\\public\\index.php')
CRITICAL - 2026-07-20 08:41:08 --> [Caused by] Exception: Unable to prepare statement: 1, no such table: prefixe
in SYSTEMPATH\Database\SQLite3\Connection.php on line 164.
 1 SYSTEMPATH\Database\SQLite3\Connection.php(164): SQLite3->query('SELECT *
FROM `prefixe`
WHERE `prefixe` = \'034\'
 LIMIT 1')
 2 SYSTEMPATH\Database\BaseConnection.php(908): CodeIgniter\Database\SQLite3\Connection->execute('SELECT *
FROM `prefixe`
WHERE `prefixe` = \'034\'
 LIMIT 1')
 3 SYSTEMPATH\Database\BaseConnection.php(825): CodeIgniter\Database\BaseConnection->simpleQuery('SELECT *
FROM `prefixe`
WHERE `prefixe` = \'034\'
 LIMIT 1')
 4 SYSTEMPATH\Database\BaseBuilder.php(1659): CodeIgniter\Database\BaseConnection->query('SELECT *
FROM `prefixe`
WHERE `prefixe` = :prefixe:
 LIMIT 1', [...], false)
 5 SYSTEMPATH\Model.php(297): CodeIgniter\Database\BaseBuilder->get()
 6 SYSTEMPATH\BaseModel.php(714): CodeIgniter\Model->doFirst()
 7 APPPATH\Controllers\Clients\AuthController.php(24): CodeIgniter\BaseModel->first()
 8 SYSTEMPATH\CodeIgniter.php(974): App\Controllers\Clients\AuthController->verifier()
 9 SYSTEMPATH\CodeIgniter.php(520): CodeIgniter\CodeIgniter->runController(Object(App\Controllers\Clients\AuthController))
10 SYSTEMPATH\CodeIgniter.php(363): CodeIgniter\CodeIgniter->handleRequest(null, Object(Config\Cache), false)
11 SYSTEMPATH\Boot.php(417): CodeIgniter\CodeIgniter->run()
12 SYSTEMPATH\Boot.php(68): CodeIgniter\Boot::runCodeIgniter(Object(CodeIgniter\CodeIgniter))
13 FCPATH\index.php(59): CodeIgniter\Boot::bootWeb(Object(Config\Paths))
14 SYSTEMPATH\rewrite.php(44): require_once('C:\\xampp\\htdocs\\Tsara\\ITUP2\\4159_4274_S4_Final\\4159-4274\\public\\index.php')
DEBUG - 2026-07-20 08:42:09 --> Session: Class initialized using 'CodeIgniter\Session\Handlers\FileHandler' driver.
DEBUG - 2026-07-20 08:42:11 --> Session: Class initialized using 'CodeIgniter\Session\Handlers\FileHandler' driver.
DEBUG - 2026-07-20 08:42:14 --> Session: Class initialized using 'CodeIgniter\Session\Handlers\FileHandler' driver.
DEBUG - 2026-07-20 08:42:14 --> Session: Class initialized using 'CodeIgniter\Session\Handlers\FileHandler' driver.
DEBUG - 2026-07-20 08:42:18 --> Session: Class initialized using 'CodeIgniter\Session\Handlers\FileHandler' driver.
DEBUG - 2026-07-20 08:42:27 --> Session: Class initialized using 'CodeIgniter\Session\Handlers\FileHandler' driver.
DEBUG - 2026-07-20 08:42:27 --> Session: Class initialized using 'CodeIgniter\Session\Handlers\FileHandler' driver.
DEBUG - 2026-07-20 08:42:30 --> Session: Class initialized using 'CodeIgniter\Session\Handlers\FileHandler' driver.
DEBUG - 2026-07-20 08:42:30 --> Session: Class initialized using 'CodeIgniter\Session\Handlers\FileHandler' driver.
DEBUG - 2026-07-20 08:42:33 --> Session: Class initialized using 'CodeIgniter\Session\Handlers\FileHandler' driver.
DEBUG - 2026-07-20 08:42:33 --> Session: Class initialized using 'CodeIgniter\Session\Handlers\FileHandler' driver.
DEBUG - 2026-07-20 08:42:36 --> Session: Class initialized using 'CodeIgniter\Session\Handlers\FileHandler' driver.
DEBUG - 2026-07-20 08:42:37 --> Session: Class initialized using 'CodeIgniter\Session\Handlers\FileHandler' driver.
DEBUG - 2026-07-20 08:42:41 --> Session: Class initialized using 'CodeIgniter\Session\Handlers\FileHandler' driver.
DEBUG - 2026-07-20 08:42:41 --> Session: Class initialized using 'CodeIgniter\Session\Handlers\FileHandler' driver.
DEBUG - 2026-07-20 08:42:44 --> Session: Class initialized using 'CodeIgniter\Session\Handlers\FileHandler' driver.
DEBUG - 2026-07-20 08:47:38 --> Session: Class initialized using 'CodeIgniter\Session\Handlers\FileHandler' driver.
DEBUG - 2026-07-20 08:47:42 --> Session: Class initialized using 'CodeIgniter\Session\Handlers\FileHandler' driver.
DEBUG - 2026-07-20 08:47:43 --> Session: Class initialized using 'CodeIgniter\Session\Handlers\FileHandler' driver.
DEBUG - 2026-07-20 08:47:44 --> Session: Class initialized using 'CodeIgniter\Session\Handlers\FileHandler' driver.
DEBUG - 2026-07-20 08:47:48 --> Session: Class initialized using 'CodeIgniter\Session\Handlers\FileHandler' driver.
DEBUG - 2026-07-20 08:47:53 --> Session: Class initialized using 'CodeIgniter\Session\Handlers\FileHandler' driver.
DEBUG - 2026-07-20 08:47:53 --> Session: Class initialized using 'CodeIgniter\Session\Handlers\FileHandler' driver.
DEBUG - 2026-07-20 08:47:56 --> Session: Class initialized using 'CodeIgniter\Session\Handlers\FileHandler' driver.
DEBUG - 2026-07-20 08:48:13 --> Session: Class initialized using 'CodeIgniter\Session\Handlers\FileHandler' driver.
DEBUG - 2026-07-20 08:48:18 --> Session: Class initialized using 'CodeIgniter\Session\Handlers\FileHandler' driver.
DEBUG - 2026-07-20 08:48:18 --> Session: Class initialized using 'CodeIgniter\Session\Handlers\FileHandler' driver.
DEBUG - 2026-07-20 08:48:21 --> Session: Class initialized using 'CodeIgniter\Session\Handlers\FileHandler' driver.
DEBUG - 2026-07-20 08:48:21 --> Session: Class initialized using 'CodeIgniter\Session\Handlers\FileHandler' driver.
DEBUG - 2026-07-20 08:48:26 --> Session: Class initialized using 'CodeIgniter\Session\Handlers\FileHandler' driver.
DEBUG - 2026-07-20 08:48:27 --> Session: Class initialized using 'CodeIgniter\Session\Handlers\FileHandler' driver.
DEBUG - 2026-07-20 08:48:29 --> Session: Class initialized using 'CodeIgniter\Session\Handlers\FileHandler' driver.
DEBUG - 2026-07-20 08:48:29 --> Session: Class initialized using 'CodeIgniter\Session\Handlers\FileHandler' driver.
DEBUG - 2026-07-20 08:48:31 --> Session: Class initialized using 'CodeIgniter\Session\Handlers\FileHandler' driver.
DEBUG - 2026-07-20 08:48:40 --> Session: Class initialized using 'CodeIgniter\Session\Handlers\FileHandler' driver.
DEBUG - 2026-07-20 08:48:40 --> Session: Class initialized using 'CodeIgniter\Session\Handlers\FileHandler' driver.
DEBUG - 2026-07-20 08:48:44 --> Session: Class initialized using 'CodeIgniter\Session\Handlers\FileHandler' driver.
DEBUG - 2026-07-20 08:48:44 --> Session: Class initialized using 'CodeIgniter\Session\Handlers\FileHandler' driver.
DEBUG - 2026-07-20 08:48:47 --> Session: Class initialized using 'CodeIgniter\Session\Handlers\FileHandler' driver.
DEBUG - 2026-07-20 08:48:47 --> Session: Class initialized using 'CodeIgniter\Session\Handlers\FileHandler' driver.
DEBUG - 2026-07-20 08:48:54 --> Session: Class initialized using 'CodeIgniter\Session\Handlers\FileHandler' driver.
DEBUG - 2026-07-20 08:48:57 --> Session: Class initialized using 'CodeIgniter\Session\Handlers\FileHandler' driver.
DEBUG - 2026-07-20 08:48:59 --> Session: Class initialized using 'CodeIgniter\Session\Handlers\FileHandler' driver.
DEBUG - 2026-07-20 08:48:59 --> Session: Class initialized using 'CodeIgniter\Session\Handlers\FileHandler' driver.
DEBUG - 2026-07-20 08:49:02 --> Session: Class initialized using 'CodeIgniter\Session\Handlers\FileHandler' driver.
DEBUG - 2026-07-20 08:49:02 --> Session: Class initialized using 'CodeIgniter\Session\Handlers\FileHandler' driver.
DEBUG - 2026-07-20 08:49:04 --> Session: Class initialized using 'CodeIgniter\Session\Handlers\FileHandler' driver.
DEBUG - 2026-07-20 08:53:01 --> Session: Class initialized using 'CodeIgniter\Session\Handlers\FileHandler' driver.
DEBUG - 2026-07-20 09:26:40 --> Session: Class initialized using 'CodeIgniter\Session\Handlers\FileHandler' driver.
DEBUG - 2026-07-20 09:27:38 --> Session: Class initialized using 'CodeIgniter\Session\Handlers\FileHandler' driver.
DEBUG - 2026-07-20 09:27:42 --> Session: Class initialized using 'CodeIgniter\Session\Handlers\FileHandler' driver.
DEBUG - 2026-07-20 09:27:42 --> Session: Class initialized using 'CodeIgniter\Session\Handlers\FileHandler' driver.
DEBUG - 2026-07-20 09:28:05 --> Session: Class initialized using 'CodeIgniter\Session\Handlers\FileHandler' driver.
DEBUG - 2026-07-20 09:28:07 --> Session: Class initialized using 'CodeIgniter\Session\Handlers\FileHandler' driver.
DEBUG - 2026-07-20 09:28:07 --> Session: Class initialized using 'CodeIgniter\Session\Handlers\FileHandler' driver.
DEBUG - 2026-07-20 09:28:13 --> Session: Class initialized using 'CodeIgniter\Session\Handlers\FileHandler' driver.
DEBUG - 2026-07-20 09:28:14 --> Session: Class initialized using 'CodeIgniter\Session\Handlers\FileHandler' driver.
DEBUG - 2026-07-20 09:28:41 --> Session: Class initialized using 'CodeIgniter\Session\Handlers\FileHandler' driver.
DEBUG - 2026-07-20 09:29:32 --> Session: Class initialized using 'CodeIgniter\Session\Handlers\FileHandler' driver.
DEBUG - 2026-07-20 09:29:33 --> Session: Class initialized using 'CodeIgniter\Session\Handlers\FileHandler' driver.
DEBUG - 2026-07-20 09:29:34 --> Session: Class initialized using 'CodeIgniter\Session\Handlers\FileHandler' driver.
DEBUG - 2026-07-20 09:29:38 --> Session: Class initialized using 'CodeIgniter\Session\Handlers\FileHandler' driver.
DEBUG - 2026-07-20 09:29:49 --> Session: Class initialized using 'CodeIgniter\Session\Handlers\FileHandler' driver.
DEBUG - 2026-07-20 09:30:03 --> Session: Class initialized using 'CodeIgniter\Session\Handlers\FileHandler' driver.
DEBUG - 2026-07-20 09:30:08 --> Session: Class initialized using 'CodeIgniter\Session\Handlers\FileHandler' driver.
DEBUG - 2026-07-20 09:30:09 --> Session: Class initialized using 'CodeIgniter\Session\Handlers\FileHandler' driver.
DEBUG - 2026-07-20 09:34:40 --> Session: Class initialized using 'CodeIgniter\Session\Handlers\FileHandler' driver.
DEBUG - 2026-07-20 09:34:45 --> Session: Class initialized using 'CodeIgniter\Session\Handlers\FileHandler' driver.
DEBUG - 2026-07-20 09:34:46 --> Session: Class initialized using 'CodeIgniter\Session\Handlers\FileHandler' driver.
DEBUG - 2026-07-20 09:35:20 --> Session: Class initialized using 'CodeIgniter\Session\Handlers\FileHandler' driver.
DEBUG - 2026-07-20 09:35:35 --> Session: Class initialized using 'CodeIgniter\Session\Handlers\FileHandler' driver.
DEBUG - 2026-07-20 09:35:45 --> Session: Class initialized using 'CodeIgniter\Session\Handlers\FileHandler' driver.
DEBUG - 2026-07-20 09:43:24 --> Session: Class initialized using 'CodeIgniter\Session\Handlers\FileHandler' driver.
DEBUG - 2026-07-20 09:43:28 --> Session: Class initialized using 'CodeIgniter\Session\Handlers\FileHandler' driver.
DEBUG - 2026-07-20 09:43:45 --> Session: Class initialized using 'CodeIgniter\Session\Handlers\FileHandler' driver.
DEBUG - 2026-07-20 09:43:46 --> Session: Class initialized using 'CodeIgniter\Session\Handlers\FileHandler' driver.
DEBUG - 2026-07-20 09:43:54 --> Session: Class initialized using 'CodeIgniter\Session\Handlers\FileHandler' driver.
DEBUG - 2026-07-20 09:43:55 --> Session: Class initialized using 'CodeIgniter\Session\Handlers\FileHandler' driver.
DEBUG - 2026-07-20 09:43:58 --> Session: Class initialized using 'CodeIgniter\Session\Handlers\FileHandler' driver.
DEBUG - 2026-07-20 09:43:58 --> Session: Class initialized using 'CodeIgniter\Session\Handlers\FileHandler' driver.
DEBUG - 2026-07-20 09:44:01 --> Session: Class initialized using 'CodeIgniter\Session\Handlers\FileHandler' driver.
DEBUG - 2026-07-20 09:44:02 --> Session: Class initialized using 'CodeIgniter\Session\Handlers\FileHandler' driver.
DEBUG - 2026-07-20 09:44:04 --> Session: Class initialized using 'CodeIgniter\Session\Handlers\FileHandler' driver.
DEBUG - 2026-07-20 09:44:11 --> Session: Class initialized using 'CodeIgniter\Session\Handlers\FileHandler' driver.
DEBUG - 2026-07-20 09:44:20 --> Session: Class initialized using 'CodeIgniter\Session\Handlers\FileHandler' driver.
DEBUG - 2026-07-20 09:44:20 --> Session: Class initialized using 'CodeIgniter\Session\Handlers\FileHandler' driver.
DEBUG - 2026-07-20 09:44:25 --> Session: Class initialized using 'CodeIgniter\Session\Handlers\FileHandler' driver.
DEBUG - 2026-07-20 09:44:25 --> Session: Class initialized using 'CodeIgniter\Session\Handlers\FileHandler' driver.
DEBUG - 2026-07-20 09:48:24 --> Session: Class initialized using 'CodeIgniter\Session\Handlers\FileHandler' driver.
DEBUG - 2026-07-20 09:48:36 --> Session: Class initialized using 'CodeIgniter\Session\Handlers\FileHandler' driver.
DEBUG - 2026-07-20 09:50:17 --> Session: Class initialized using 'CodeIgniter\Session\Handlers\FileHandler' driver.
DEBUG - 2026-07-20 09:50:25 --> Session: Class initialized using 'CodeIgniter\Session\Handlers\FileHandler' driver.
DEBUG - 2026-07-20 09:50:42 --> Session: Class initialized using 'CodeIgniter\Session\Handlers\FileHandler' driver.
DEBUG - 2026-07-20 09:50:56 --> Session: Class initialized using 'CodeIgniter\Session\Handlers\FileHandler' driver.
DEBUG - 2026-07-20 09:50:56 --> Session: Class initialized using 'CodeIgniter\Session\Handlers\FileHandler' driver.
DEBUG - 2026-07-20 09:51:04 --> Session: Class initialized using 'CodeIgniter\Session\Handlers\FileHandler' driver.
DEBUG - 2026-07-20 09:51:04 --> Session: Class initialized using 'CodeIgniter\Session\Handlers\FileHandler' driver.
DEBUG - 2026-07-20 09:51:14 --> Session: Class initialized using 'CodeIgniter\Session\Handlers\FileHandler' driver.
DEBUG - 2026-07-20 09:51:14 --> Session: Class initialized using 'CodeIgniter\Session\Handlers\FileHandler' driver.
DEBUG - 2026-07-20 09:51:46 --> Session: Class initialized using 'CodeIgniter\Session\Handlers\FileHandler' driver.
DEBUG - 2026-07-20 09:51:49 --> Session: Class initialized using 'CodeIgniter\Session\Handlers\FileHandler' driver.
DEBUG - 2026-07-20 09:51:54 --> Session: Class initialized using 'CodeIgniter\Session\Handlers\FileHandler' driver.
DEBUG - 2026-07-20 09:51:57 --> Session: Class initialized using 'CodeIgniter\Session\Handlers\FileHandler' driver.
DEBUG - 2026-07-20 09:52:00 --> Session: Class initialized using 'CodeIgniter\Session\Handlers\FileHandler' driver.
DEBUG - 2026-07-20 09:52:03 --> Session: Class initialized using 'CodeIgniter\Session\Handlers\FileHandler' driver.
DEBUG - 2026-07-20 09:52:51 --> Session: Class initialized using 'CodeIgniter\Session\Handlers\FileHandler' driver.
DEBUG - 2026-07-20 09:53:26 --> Session: Class initialized using 'CodeIgniter\Session\Handlers\FileHandler' driver.
DEBUG - 2026-07-20 09:53:27 --> Session: Class initialized using 'CodeIgniter\Session\Handlers\FileHandler' driver.
DEBUG - 2026-07-20 09:53:30 --> Session: Class initialized using 'CodeIgniter\Session\Handlers\FileHandler' driver.
DEBUG - 2026-07-20 09:53:30 --> Session: Class initialized using 'CodeIgniter\Session\Handlers\FileHandler' driver.
DEBUG - 2026-07-20 09:55:29 --> Session: Class initialized using 'CodeIgniter\Session\Handlers\FileHandler' driver.
DEBUG - 2026-07-20 09:55:29 --> Session: Class initialized using 'CodeIgniter\Session\Handlers\FileHandler' driver.
DEBUG - 2026-07-20 09:55:34 --> Session: Class initialized using 'CodeIgniter\Session\Handlers\FileHandler' driver.
